<resources>

	<!-- AnTuTu Benchmark -->
	<item component="ComponentInfo{com.antutu.ABenchMark/com.antutu.ABenchMark.ABenchMarkStart}" drawable="antutu_benchmark" />

	<!-- 八戒猪手 -->
	<item component="ComponentInfo{com.dahuo.sunflower.assistant/com.dahuo.sunflower.assistant.ui.SplashActivity}" drawable="八戒猪手" />

	<!-- Notes -->
	<item component="ComponentInfo{xyz.hanks.note/xyz.hanks.note.ui.activity.MainActivity}" drawable="notes" />

	<!-- Ice Box -->
	<item component="ComponentInfo{com.catchingnow.icebox/com.catchingnow.icebox.activity.mainActivity.MainAppActivity}" drawable="ice_box" />

	<!-- 菜鸟裹裹 -->
	<item component="ComponentInfo{com.cainiao.wireless/com.cainiao.wireless.homepage.presentation.view.activity.HomepageActivity}" drawable="菜鸟裹裹" />

	<!-- 冲顶大会 -->
	<item component="ComponentInfo{com.chongdingdahui.app/com.chongdingdahui.app.ui.SplashActivity}" drawable="冲顶大会" />

	<!-- 穿越火线:最后战役 -->
	<item component="ComponentInfo{com.JUG.lastfire/com.unity3d.player.UnityPlayerActivity}" drawable="穿越火线:最后战役" />

	<!-- 僕の彼女が成仏 -->
	<item component="ComponentInfo{jp.co.goodia.Buddhahood/jp.co.goodia.Buddhahood.SplashActivity}" drawable="僕の彼女が成仏" />

	<!-- 电池损耗 -->
	<item component="ComponentInfo{cc.ztie.battery/cc.ztie.battery.MainActivity}" drawable="电池损耗" />

	<!-- 抖音短视频 -->
	<item component="ComponentInfo{com.ss.android.ugc.aweme/com.ss.android.ugc.aweme.splash.SplashActivity}" drawable="抖音短视频" />

	<!-- 斗鱼直播 -->
	<item component="ComponentInfo{air.tv.douyu.android/tv.douyu.view.activity.SplashActivity}" drawable="斗鱼直播" />

	<!-- Google Pinyin Input -->
	<item component="ComponentInfo{com.google.android.inputmethod.pinyin/com.google.android.apps.inputmethod.libs.framework.core.LauncherActivity}" drawable="google_pinyin_input" />

	<!-- 开发者助手 -->
	<item component="ComponentInfo{com.toshiba_dealin.developerhelper/com.toshiba_dealin.developerhelper.ui.activity.MainActivity}" drawable="开发者助手" />

	<!-- 镧•系统工具箱 -->
	<item component="ComponentInfo{com.xzr.La.systemtoolbox/com.xzr.La.systemtoolbox.MainActivity}" drawable="镧•系统工具箱" />

	<!-- 龙珠直播 -->
	<item component="ComponentInfo{com.longzhu.tga/com.longzhu.tga.clean.splash.SplashActivity}" drawable="龙珠直播" />

	<!-- Greenify -->
	<item component="ComponentInfo{com.oasisfeng.greenify/com.oasisfeng.greenify.GreenifyActivity}" drawable="greenify" />

	<!-- 美团 -->
	<item component="ComponentInfo{com.sankuai.meituan/com.sankuai.meituan.activity.Welcome}" drawable="美团" />

	<!-- Mi Home -->
	<item component="ComponentInfo{com.xiaomi.smarthome/com.xiaomi.smarthome.SmartHomeMainActivity}" drawable="mi_home" />

	<!-- 妮哩 -->
	<item component="ComponentInfo{nico.styTool/nico.styTool.SplashActivity}" drawable="妮哩" />

	<!-- 轻贴吧 -->
	<item component="ComponentInfo{at.rbq.qtieba/io.dcloud.PandoraEntry}" drawable="轻贴吧" />

	<!-- 情迁抢包 -->
	<item component="ComponentInfo{cn.qssq666.redpacket/cn.qssq666.redpacket.SettingsActivity}" drawable="情迁抢包" />

	<!-- 人人视频 -->
	<item component="ComponentInfo{com.zhongduomei.rrmj.society/com.zhongduomei.rrmj.society.function.launch.activity.LaunchActivity}" drawable="人人视频" />

	<!-- 上帝模式 -->
	<item component="ComponentInfo{com.viewblocker.jrsen/com.viewblocker.jrsen.SettingsActivity}" drawable="上帝模式" />

	<!-- 手机管家 -->
	<item component="ComponentInfo{com.tencent.qqpimsecure/com.tencent.server.fore.QuickLoadActivity}" drawable="手机管家" />

	<!-- 搜书大师 -->
	<item component="ComponentInfo{com.flyersoft.seekbooks/com.flyersoft.seekbooks.ActivityMain}" drawable="搜书大师" />

	<!-- 唐僧藏经 -->
	<item component="ComponentInfo{com.dahuo.sunflower.xad/com.dahuo.sunflower.xad.helper.ui.HomeAct}" drawable="唐僧藏经" />

	<!-- TMall -->
	<item component="ComponentInfo{com.tmall.wireless/com.tmall.wireless.splash.TMSplashActivity}" drawable="tmall" />

	<!-- Mi Remote -->
	<item component="ComponentInfo{com.duokan.phone.remotecontroller/com.xiaomi.mitv.phone.remotecontroller.HoriWidgetMainActivityV2}" drawable="mi_remote" />

	<!-- Microsoft Launcher -->
	<item component="ComponentInfo{com.microsoft.launcher/com.microsoft.launcher.EntryActivity}" drawable="microsoft_launcher" />

	<!-- 唯品会 -->
	<item component="ComponentInfo{com.achievo.vipshop/com.achievo.vipshop.activity.LodingActivity}" drawable="唯品会" />

	<!-- 悟空加速 -->
	<item component="ComponentInfo{com.dahuo.sunflower.xp.none/com.dahuo.sunflower.none.ui.SplashActivity-Alias}" drawable="悟空加速" />

	<!-- 信任的进化 -->
	<item component="ComponentInfo{com.xuangames.xrdjh/io.dcloud.PandoraEntry}" drawable="信任的进化" />

	<!-- 星空视频壁纸 -->
	<item component="ComponentInfo{yyc.xk/yyc.xk.adview}" drawable="星空视频壁纸" />

	<!-- 熊猫直播 -->
	<item component="ComponentInfo{com.panda.videoliveplatform/com.panda.videoliveplatform.activity.WelcomeActivity}" drawable="熊猫直播" />

	<!-- 讯飞输入法 -->
	<item component="ComponentInfo{com.iflytek.inputmethod/com.iflytek.inputmethod.LauncherActivity}" drawable="讯飞输入法" />

	<!-- 一个木函 -->
	<item component="ComponentInfo{com.One.WoodenLetter/com.androlua.Welcome}" drawable="一个木函" />

	<!-- 应用宝 -->
	<item component="ComponentInfo{com.tencent.android.qqdownloader/com.tencent.pangu.link.SplashActivity}" drawable="应用宝" />

	<!-- 应用管理 -->
	<item component="ComponentInfo{github.tornaco.xposedmoduletest/github.tornaco.xposedmoduletest.ui.activity.NavigatorActivity}" drawable="应用管理" />

	<!-- 应用控制器 -->
	<item component="ComponentInfo{com.click369.controlbp/com.click369.controlbp.activity.MainActivity}" drawable="应用控制器" />

	<!-- Xfplay -->
	<item component="ComponentInfo{com.xfplay.play/com.xabber.android.ui.activity.LoadActivity}" drawable="xfplay" />

	<!-- 优酷 -->
	<item component="ComponentInfo{com.youku.phone/com.youku.phone.ActivityWelcome}" drawable="优酷" />

	<!-- 游戏蜂窝 -->
	<item component="ComponentInfo{com.cyjh.gundam/com.cyjh.gundam.fengwo.ui.activity.WelcomeActivity}" drawable="游戏蜂窝" />

	<!-- 元气骑士 -->
	<item component="ComponentInfo{com.chillyroom.soulknight.gourd/com.chillyroomsdk.gourd.MainActivity}" drawable="元气骑士" />

	<!-- 掌上英雄联盟 -->
	<item component="ComponentInfo{com.tencent.qt.qtl/com.tencent.qt.qtl.activity.main.LauncherActivity}" drawable="掌上英雄联盟" />

	<!-- 知乎 -->
	<item component="ComponentInfo{com.zhihu.android/com.zhihu.android.app.ui.activity.MainActivity}" drawable="知乎" />

	<!-- 直播吧 -->
	<item component="ComponentInfo{android.zhibo8/android.zhibo8.ui.contollers.main.LaunchActivity}" drawable="直播吧" />

	<!-- A屏动态壁纸 -->
	<item component="ComponentInfo{com.maxelus.livewallpaper.amoled/com.maxelus.livewallpaper.amoled.OpenApp}" drawable="a屏动态壁纸" />

	<!-- AD快消 -->
	<item component="ComponentInfo{com.gy.xposed.skip/com.gy.xposed.skip.ui.MainActivity}" drawable="ad快消" />

	<!-- Auto.js -->
	<item component="ComponentInfo{com.stardust.scriptdroid/com.stardust.scriptdroid.ui.splash.SplashActivity_}" drawable="auto.js" />

	<!-- CandyBar Demo -->
	<item component="ComponentInfo{com.material.dashboard.candybar.demo/com.yourpackage.anotherpackage.anotherone.activities.SplashActivity}" drawable="candybar_demo" />

	<!-- ES File Explorer -->
	<item component="ComponentInfo{com.estrongs.android.pop/com.estrongs.android.pop.app.openscreenad.NewSplashActivity}" drawable="es_file_explorer" />

	<!-- FastMiui -->
	<item component="ComponentInfo{com.fox.miui/com.fox.miui.MainActivity}" drawable="fastmiui" />

	<!-- Kindle阅读 -->
	<item component="ComponentInfo{com.amazon.kindlefc/com.amazon.kindle.UpgradePage}" drawable="kindle阅读" />

	<!-- MDWechat -->
	<item component="ComponentInfo{com.blanke.mdwechat/com.blanke.mdwechat.SettingsLauncher}" drawable="mdwechat" />

	<!-- MEGA -->
	<item component="ComponentInfo{mega.privacy.android.app/mega.privacy.android.app.LauncherActivity}" drawable="mega" />

	<!-- Packet Capture -->
	<item component="ComponentInfo{app.greyshirts.sslcapture/ui.HomeActivity}" drawable="packet_capture" />

	<!-- Root Explorer -->
	<item component="ComponentInfo{com.speedsoftware.rootexplorer/com.speedsoftware.rootexplorer.RootExplorer}" drawable="root_explorer" />

	<!-- Share -->
	<item component="ComponentInfo{com.hengye.share/com.hengye.share.Launcher}" drawable="share" />

	<!-- UC浏览器 -->
	<item component="ComponentInfo{com.UCMobile/com.UCMobile.main.UCMobile}" drawable="uc浏览器" />

	<!-- XBrowser -->
	<item component="ComponentInfo{com.mmbox.xbrowser/com.mmbox.xbrowser.BrowserActivity}" drawable="xbrowser" />

</resources>