<appmap>

	<!-- AnTuTu Benchmark -->
	<item class="com.antutu.ABenchMark.ABenchMarkStart" name="antutu_benchmark" />

	<!-- 八戒猪手 -->
	<item class="com.dahuo.sunflower.assistant.ui.SplashActivity" name="八戒猪手" />

	<!-- Notes -->
	<item class="xyz.hanks.note.ui.activity.MainActivity" name="notes" />

	<!-- Ice Box -->
	<item class="com.catchingnow.icebox.activity.mainActivity.MainAppActivity" name="ice_box" />

	<!-- 菜鸟裹裹 -->
	<item class="com.cainiao.wireless.homepage.presentation.view.activity.HomepageActivity" name="菜鸟裹裹" />

	<!-- 冲顶大会 -->
	<item class="com.chongdingdahui.app.ui.SplashActivity" name="冲顶大会" />

	<!-- 穿越火线:最后战役 -->
	<item class="com.unity3d.player.UnityPlayerActivity" name="穿越火线:最后战役" />

	<!-- 僕の彼女が成仏 -->
	<item class="jp.co.goodia.Buddhahood.SplashActivity" name="僕の彼女が成仏" />

	<!-- 电池损耗 -->
	<item class="cc.ztie.battery.MainActivity" name="电池损耗" />

	<!-- 抖音短视频 -->
	<item class="com.ss.android.ugc.aweme.splash.SplashActivity" name="抖音短视频" />

	<!-- 斗鱼直播 -->
	<item class="tv.douyu.view.activity.SplashActivity" name="斗鱼直播" />

	<!-- Google Pinyin Input -->
	<item class="com.google.android.apps.inputmethod.libs.framework.core.LauncherActivity" name="google_pinyin_input" />

	<!-- 开发者助手 -->
	<item class="com.toshiba_dealin.developerhelper.ui.activity.MainActivity" name="开发者助手" />

	<!-- 镧•系统工具箱 -->
	<item class="com.xzr.La.systemtoolbox.MainActivity" name="镧•系统工具箱" />

	<!-- 龙珠直播 -->
	<item class="com.longzhu.tga.clean.splash.SplashActivity" name="龙珠直播" />

	<!-- Greenify -->
	<item class="com.oasisfeng.greenify.GreenifyActivity" name="greenify" />

	<!-- 美团 -->
	<item class="com.sankuai.meituan.activity.Welcome" name="美团" />

	<!-- Mi Home -->
	<item class="com.xiaomi.smarthome.SmartHomeMainActivity" name="mi_home" />

	<!-- 妮哩 -->
	<item class="nico.styTool.SplashActivity" name="妮哩" />

	<!-- 轻贴吧 -->
	<item class="io.dcloud.PandoraEntry" name="轻贴吧" />

	<!-- 情迁抢包 -->
	<item class="cn.qssq666.redpacket.SettingsActivity" name="情迁抢包" />

	<!-- 人人视频 -->
	<item class="com.zhongduomei.rrmj.society.function.launch.activity.LaunchActivity" name="人人视频" />

	<!-- 上帝模式 -->
	<item class="com.viewblocker.jrsen.SettingsActivity" name="上帝模式" />

	<!-- 手机管家 -->
	<item class="com.tencent.server.fore.QuickLoadActivity" name="手机管家" />

	<!-- 搜书大师 -->
	<item class="com.flyersoft.seekbooks.ActivityMain" name="搜书大师" />

	<!-- 唐僧藏经 -->
	<item class="com.dahuo.sunflower.xad.helper.ui.HomeAct" name="唐僧藏经" />

	<!-- TMall -->
	<item class="com.tmall.wireless.splash.TMSplashActivity" name="tmall" />

	<!-- Mi Remote -->
	<item class="com.xiaomi.mitv.phone.remotecontroller.HoriWidgetMainActivityV2" name="mi_remote" />

	<!-- Microsoft Launcher -->
	<item class="com.microsoft.launcher.EntryActivity" name="microsoft_launcher" />

	<!-- 唯品会 -->
	<item class="com.achievo.vipshop.activity.LodingActivity" name="唯品会" />

	<!-- 悟空加速 -->
	<item class="com.dahuo.sunflower.none.ui.SplashActivity-Alias" name="悟空加速" />

	<!-- 信任的进化 -->
	<item class="io.dcloud.PandoraEntry" name="信任的进化" />

	<!-- 星空视频壁纸 -->
	<item class="yyc.xk.adview" name="星空视频壁纸" />

	<!-- 熊猫直播 -->
	<item class="com.panda.videoliveplatform.activity.WelcomeActivity" name="熊猫直播" />

	<!-- 讯飞输入法 -->
	<item class="com.iflytek.inputmethod.LauncherActivity" name="讯飞输入法" />

	<!-- 一个木函 -->
	<item class="com.androlua.Welcome" name="一个木函" />

	<!-- 应用宝 -->
	<item class="com.tencent.pangu.link.SplashActivity" name="应用宝" />

	<!-- 应用管理 -->
	<item class="github.tornaco.xposedmoduletest.ui.activity.NavigatorActivity" name="应用管理" />

	<!-- 应用控制器 -->
	<item class="com.click369.controlbp.activity.MainActivity" name="应用控制器" />

	<!-- Xfplay -->
	<item class="com.xabber.android.ui.activity.LoadActivity" name="xfplay" />

	<!-- 优酷 -->
	<item class="com.youku.phone.ActivityWelcome" name="优酷" />

	<!-- 游戏蜂窝 -->
	<item class="com.cyjh.gundam.fengwo.ui.activity.WelcomeActivity" name="游戏蜂窝" />

	<!-- 元气骑士 -->
	<item class="com.chillyroomsdk.gourd.MainActivity" name="元气骑士" />

	<!-- 掌上英雄联盟 -->
	<item class="com.tencent.qt.qtl.activity.main.LauncherActivity" name="掌上英雄联盟" />

	<!-- 知乎 -->
	<item class="com.zhihu.android.app.ui.activity.MainActivity" name="知乎" />

	<!-- 直播吧 -->
	<item class="android.zhibo8.ui.contollers.main.LaunchActivity" name="直播吧" />

	<!-- A屏动态壁纸 -->
	<item class="com.maxelus.livewallpaper.amoled.OpenApp" name="a屏动态壁纸" />

	<!-- AD快消 -->
	<item class="com.gy.xposed.skip.ui.MainActivity" name="ad快消" />

	<!-- Auto.js -->
	<item class="com.stardust.scriptdroid.ui.splash.SplashActivity_" name="auto.js" />

	<!-- CandyBar Demo -->
	<item class="com.yourpackage.anotherpackage.anotherone.activities.SplashActivity" name="candybar_demo" />

	<!-- ES File Explorer -->
	<item class="com.estrongs.android.pop.app.openscreenad.NewSplashActivity" name="es_file_explorer" />

	<!-- FastMiui -->
	<item class="com.fox.miui.MainActivity" name="fastmiui" />

	<!-- Kindle阅读 -->
	<item class="com.amazon.kindle.UpgradePage" name="kindle阅读" />

	<!-- MDWechat -->
	<item class="com.blanke.mdwechat.SettingsLauncher" name="mdwechat" />

	<!-- MEGA -->
	<item class="mega.privacy.android.app.LauncherActivity" name="mega" />

	<!-- Packet Capture -->
	<item class="ui.HomeActivity" name="packet_capture" />

	<!-- Root Explorer -->
	<item class="com.speedsoftware.rootexplorer.RootExplorer" name="root_explorer" />

	<!-- Share -->
	<item class="com.hengye.share.Launcher" name="share" />

	<!-- UC浏览器 -->
	<item class="com.UCMobile.main.UCMobile" name="uc浏览器" />

	<!-- XBrowser -->
	<item class="com.mmbox.xbrowser.BrowserActivity" name="xbrowser" />

</appmap>