<Theme version="1">

	<!-- AnTuTu Benchmark -->
	<AppIcon name="com.antutu.ABenchMark/com.antutu.ABenchMark.ABenchMarkStart" image="antutu_benchmark" />

	<!-- 八戒猪手 -->
	<AppIcon name="com.dahuo.sunflower.assistant/com.dahuo.sunflower.assistant.ui.SplashActivity" image="八戒猪手" />

	<!-- Notes -->
	<AppIcon name="xyz.hanks.note/xyz.hanks.note.ui.activity.MainActivity" image="notes" />

	<!-- Ice Box -->
	<AppIcon name="com.catchingnow.icebox/com.catchingnow.icebox.activity.mainActivity.MainAppActivity" image="ice_box" />

	<!-- 菜鸟裹裹 -->
	<AppIcon name="com.cainiao.wireless/com.cainiao.wireless.homepage.presentation.view.activity.HomepageActivity" image="菜鸟裹裹" />

	<!-- 冲顶大会 -->
	<AppIcon name="com.chongdingdahui.app/com.chongdingdahui.app.ui.SplashActivity" image="冲顶大会" />

	<!-- 穿越火线:最后战役 -->
	<AppIcon name="com.JUG.lastfire/com.unity3d.player.UnityPlayerActivity" image="穿越火线:最后战役" />

	<!-- 僕の彼女が成仏 -->
	<AppIcon name="jp.co.goodia.Buddhahood/jp.co.goodia.Buddhahood.SplashActivity" image="僕の彼女が成仏" />

	<!-- 电池损耗 -->
	<AppIcon name="cc.ztie.battery/cc.ztie.battery.MainActivity" image="电池损耗" />

	<!-- 抖音短视频 -->
	<AppIcon name="com.ss.android.ugc.aweme/com.ss.android.ugc.aweme.splash.SplashActivity" image="抖音短视频" />

	<!-- 斗鱼直播 -->
	<AppIcon name="air.tv.douyu.android/tv.douyu.view.activity.SplashActivity" image="斗鱼直播" />

	<!-- Google Pinyin Input -->
	<AppIcon name="com.google.android.inputmethod.pinyin/com.google.android.apps.inputmethod.libs.framework.core.LauncherActivity" image="google_pinyin_input" />

	<!-- 开发者助手 -->
	<AppIcon name="com.toshiba_dealin.developerhelper/com.toshiba_dealin.developerhelper.ui.activity.MainActivity" image="开发者助手" />

	<!-- 镧•系统工具箱 -->
	<AppIcon name="com.xzr.La.systemtoolbox/com.xzr.La.systemtoolbox.MainActivity" image="镧•系统工具箱" />

	<!-- 龙珠直播 -->
	<AppIcon name="com.longzhu.tga/com.longzhu.tga.clean.splash.SplashActivity" image="龙珠直播" />

	<!-- Greenify -->
	<AppIcon name="com.oasisfeng.greenify/com.oasisfeng.greenify.GreenifyActivity" image="greenify" />

	<!-- 美团 -->
	<AppIcon name="com.sankuai.meituan/com.sankuai.meituan.activity.Welcome" image="美团" />

	<!-- Mi Home -->
	<AppIcon name="com.xiaomi.smarthome/com.xiaomi.smarthome.SmartHomeMainActivity" image="mi_home" />

	<!-- 妮哩 -->
	<AppIcon name="nico.styTool/nico.styTool.SplashActivity" image="妮哩" />

	<!-- 轻贴吧 -->
	<AppIcon name="at.rbq.qtieba/io.dcloud.PandoraEntry" image="轻贴吧" />

	<!-- 情迁抢包 -->
	<AppIcon name="cn.qssq666.redpacket/cn.qssq666.redpacket.SettingsActivity" image="情迁抢包" />

	<!-- 人人视频 -->
	<AppIcon name="com.zhongduomei.rrmj.society/com.zhongduomei.rrmj.society.function.launch.activity.LaunchActivity" image="人人视频" />

	<!-- 上帝模式 -->
	<AppIcon name="com.viewblocker.jrsen/com.viewblocker.jrsen.SettingsActivity" image="上帝模式" />

	<!-- 手机管家 -->
	<AppIcon name="com.tencent.qqpimsecure/com.tencent.server.fore.QuickLoadActivity" image="手机管家" />

	<!-- 搜书大师 -->
	<AppIcon name="com.flyersoft.seekbooks/com.flyersoft.seekbooks.ActivityMain" image="搜书大师" />

	<!-- 唐僧藏经 -->
	<AppIcon name="com.dahuo.sunflower.xad/com.dahuo.sunflower.xad.helper.ui.HomeAct" image="唐僧藏经" />

	<!-- TMall -->
	<AppIcon name="com.tmall.wireless/com.tmall.wireless.splash.TMSplashActivity" image="tmall" />

	<!-- Mi Remote -->
	<AppIcon name="com.duokan.phone.remotecontroller/com.xiaomi.mitv.phone.remotecontroller.HoriWidgetMainActivityV2" image="mi_remote" />

	<!-- Microsoft Launcher -->
	<AppIcon name="com.microsoft.launcher/com.microsoft.launcher.EntryActivity" image="microsoft_launcher" />

	<!-- 唯品会 -->
	<AppIcon name="com.achievo.vipshop/com.achievo.vipshop.activity.LodingActivity" image="唯品会" />

	<!-- 悟空加速 -->
	<AppIcon name="com.dahuo.sunflower.xp.none/com.dahuo.sunflower.none.ui.SplashActivity-Alias" image="悟空加速" />

	<!-- 信任的进化 -->
	<AppIcon name="com.xuangames.xrdjh/io.dcloud.PandoraEntry" image="信任的进化" />

	<!-- 星空视频壁纸 -->
	<AppIcon name="yyc.xk/yyc.xk.adview" image="星空视频壁纸" />

	<!-- 熊猫直播 -->
	<AppIcon name="com.panda.videoliveplatform/com.panda.videoliveplatform.activity.WelcomeActivity" image="熊猫直播" />

	<!-- 讯飞输入法 -->
	<AppIcon name="com.iflytek.inputmethod/com.iflytek.inputmethod.LauncherActivity" image="讯飞输入法" />

	<!-- 一个木函 -->
	<AppIcon name="com.One.WoodenLetter/com.androlua.Welcome" image="一个木函" />

	<!-- 应用宝 -->
	<AppIcon name="com.tencent.android.qqdownloader/com.tencent.pangu.link.SplashActivity" image="应用宝" />

	<!-- 应用管理 -->
	<AppIcon name="github.tornaco.xposedmoduletest/github.tornaco.xposedmoduletest.ui.activity.NavigatorActivity" image="应用管理" />

	<!-- 应用控制器 -->
	<AppIcon name="com.click369.controlbp/com.click369.controlbp.activity.MainActivity" image="应用控制器" />

	<!-- Xfplay -->
	<AppIcon name="com.xfplay.play/com.xabber.android.ui.activity.LoadActivity" image="xfplay" />

	<!-- 优酷 -->
	<AppIcon name="com.youku.phone/com.youku.phone.ActivityWelcome" image="优酷" />

	<!-- 游戏蜂窝 -->
	<AppIcon name="com.cyjh.gundam/com.cyjh.gundam.fengwo.ui.activity.WelcomeActivity" image="游戏蜂窝" />

	<!-- 元气骑士 -->
	<AppIcon name="com.chillyroom.soulknight.gourd/com.chillyroomsdk.gourd.MainActivity" image="元气骑士" />

	<!-- 掌上英雄联盟 -->
	<AppIcon name="com.tencent.qt.qtl/com.tencent.qt.qtl.activity.main.LauncherActivity" image="掌上英雄联盟" />

	<!-- 知乎 -->
	<AppIcon name="com.zhihu.android/com.zhihu.android.app.ui.activity.MainActivity" image="知乎" />

	<!-- 直播吧 -->
	<AppIcon name="android.zhibo8/android.zhibo8.ui.contollers.main.LaunchActivity" image="直播吧" />

	<!-- A屏动态壁纸 -->
	<AppIcon name="com.maxelus.livewallpaper.amoled/com.maxelus.livewallpaper.amoled.OpenApp" image="a屏动态壁纸" />

	<!-- AD快消 -->
	<AppIcon name="com.gy.xposed.skip/com.gy.xposed.skip.ui.MainActivity" image="ad快消" />

	<!-- Auto.js -->
	<AppIcon name="com.stardust.scriptdroid/com.stardust.scriptdroid.ui.splash.SplashActivity_" image="auto.js" />

	<!-- CandyBar Demo -->
	<AppIcon name="com.material.dashboard.candybar.demo/com.yourpackage.anotherpackage.anotherone.activities.SplashActivity" image="candybar_demo" />

	<!-- ES File Explorer -->
	<AppIcon name="com.estrongs.android.pop/com.estrongs.android.pop.app.openscreenad.NewSplashActivity" image="es_file_explorer" />

	<!-- FastMiui -->
	<AppIcon name="com.fox.miui/com.fox.miui.MainActivity" image="fastmiui" />

	<!-- Kindle阅读 -->
	<AppIcon name="com.amazon.kindlefc/com.amazon.kindle.UpgradePage" image="kindle阅读" />

	<!-- MDWechat -->
	<AppIcon name="com.blanke.mdwechat/com.blanke.mdwechat.SettingsLauncher" image="mdwechat" />

	<!-- MEGA -->
	<AppIcon name="mega.privacy.android.app/mega.privacy.android.app.LauncherActivity" image="mega" />

	<!-- Packet Capture -->
	<AppIcon name="app.greyshirts.sslcapture/ui.HomeActivity" image="packet_capture" />

	<!-- Root Explorer -->
	<AppIcon name="com.speedsoftware.rootexplorer/com.speedsoftware.rootexplorer.RootExplorer" image="root_explorer" />

	<!-- Share -->
	<AppIcon name="com.hengye.share/com.hengye.share.Launcher" image="share" />

	<!-- UC浏览器 -->
	<AppIcon name="com.UCMobile/com.UCMobile.main.UCMobile" image="uc浏览器" />

	<!-- XBrowser -->
	<AppIcon name="com.mmbox.xbrowser/com.mmbox.xbrowser.BrowserActivity" image="xbrowser" />

</Theme>