<resources>

	<!-- 1药网 -->
	<item component="ComponentInfo{com.yiwang/com.yiwang.LoadingActivity}" drawable="1药网" />

	<!-- 阿甘跑步 -->
	<item component="ComponentInfo{cn.runagain.run/cn.runagain.run.app.main.ui.SplashActivity}" drawable="阿甘跑步" />

	<!-- 埃微助手 -->
	<item component="ComponentInfo{com.kunekt.healthy/com.kunekt.healthy.activity.LoadingActivity}" drawable="埃微助手" />

	<!-- 百度医生 -->
	<item component="ComponentInfo{com.baidu.patient/com.baidu.patient.activity.SplashScreenActivity}" drawable="百度医生" />

	<!-- 薄荷健康 -->
	<item component="ComponentInfo{com.boohee.one/com.boohee.one.ui.SplashActivity}" drawable="薄荷健康" />

	<!-- 宝宝树孕育 -->
	<item component="ComponentInfo{com.babytree.apps.pregnancy/com.babytree.apps.pregnancy.MainActivity}" drawable="宝宝树孕育" />

	<!-- Tide -->
	<item component="ComponentInfo{io.moreless.tide/io.moreless.tide.play.PlayActivity}" drawable="tide" />

	<!-- 春雨计步器 -->
	<item component="ComponentInfo{me.chunyu.Pedometer/me.chunyu.cypedometer.activities.WelcomeActivity}" drawable="春雨计步器" />

	<!-- 春雨医生 -->
	<item component="ComponentInfo{me.chunyu.ChunyuDoctor/me.chunyu.ChunyuDoctor.Activities.WelcomeActivity}" drawable="春雨医生" />

	<!-- 丁香医生 -->
	<item component="ComponentInfo{cn.dxy.android.aspirin/cn.dxy.android.aspirin.ui.activity.StartupActivity}" drawable="丁香医生" />

	<!-- 丁香园 -->
	<item component="ComponentInfo{cn.dxy.idxyer/cn.dxy.idxyer.common.StartupActivity}" drawable="丁香园" />

	<!-- Pacer -->
	<item component="ComponentInfo{cc.pacer.androidapp/cc.pacer.androidapp.ui.splash.SplashActivity}" drawable="pacer" />

	<!-- Pacer -->
	<item component="ComponentInfo{com.mandian.android.dongdong/cc.pacer.androidapp.ui.splash.SplashActivity}" drawable="pacer" />

	<!-- 毒 -->
	<item component="ComponentInfo{com.shizhuang.duapp/com.shine.ui.SplashActivity}" drawable="毒" />

	<!-- 疯狂造人-备孕怀孕 -->
	<item component="ComponentInfo{com.bozhong.crazy/com.bozhong.crazy.ui.other.activity.WelcomeActivity}" drawable="疯狂造人-备孕怀孕" />

	<!-- Push Ups -->
	<item component="ComponentInfo{com.northpark.pushups/com.northpark.pushups.SplashActivity}" drawable="push_ups" />

	<!-- 咕咚 -->
	<item component="ComponentInfo{com.codoon.gps/com.codoon.gps.ui.login.WelcomeActivity}" drawable="咕咚" />

	<!-- 过日子 -->
	<item component="ComponentInfo{com.huofar/com.huofar.activity.SplashActivity}" drawable="过日子" />

	<!-- 哈罗单车 -->
	<item component="ComponentInfo{com.jingyao.easybike/com.jingyao.easybike.presentation.ui.activity.SplashActivity}" drawable="哈罗单车" />

	<!-- 好大夫在线 -->
	<item component="ComponentInfo{com.haodf.android/com.haodf.android.activity.SplashActivity}" drawable="好大夫在线" />

	<!-- 好轻 -->
	<item component="ComponentInfo{com.yunmai.scale/com.yunmai.scale.ui.WelcomeActivity}" drawable="好轻" />

	<!-- 黑鸟单车 -->
	<item component="ComponentInfo{com.bamboo.ibike/com.bamboo.ibike.module.main.StartActivity}" drawable="黑鸟单车" />

	<!-- 虎扑跑步 -->
	<item component="ComponentInfo{com.hupu.joggers/com.hupu.joggers.activity.SplashActivity}" drawable="虎扑跑步" />

	<!-- 护眼宝防蓝光 -->
	<item component="ComponentInfo{protect.eye/protect.eye.TabMainActivity}" drawable="护眼宝防蓝光" />

	<!-- Huawei Wear -->
	<item component="ComponentInfo{com.huawei.bone/com.huawei.bone.root.SplashActivity}" drawable="huawei_wear" />

	<!-- 火辣健身 -->
	<item component="ComponentInfo{com.hotbody.fitzero/com.hotbody.fitzero.ui.module.main.SplashActivity}" drawable="火辣健身" />

	<!-- playerskin -->
	<item component="ComponentInfo{COM.Bangso.FitMiss/COM.Bangso.FitMiss.activity.SplashScreenActivity}" drawable="playerskin" />

	<!-- 健康160-挂号问诊 -->
	<item component="ComponentInfo{cn.kidyn.qdmedical160/cn.kidyn.qdmedical160.activity.splash.SplashActivity}" drawable="健康160-挂号问诊" />

	<!-- Fit -->
	<item component="ComponentInfo{com.google.android.apps.fitness/com.google.android.apps.fitness.welcome.WelcomeActivity}" drawable="fit" />

	<!-- 乐跑步 -->
	<item component="ComponentInfo{cn.ledongli.runner/cn.ledongli.runner.ui.activity.SplashScreenActivity}" drawable="乐跑步" />

	<!-- 乐心运动 -->
	<item component="ComponentInfo{gz.lifesense.weidong/gz.lifesense.weidong.ui.activity.main.LaunchActivity}" drawable="乐心运动" />

	<!-- 练练 -->
	<item component="ComponentInfo{com.lianliantech.lianlian/com.lianliantech.lianlian.ui.activity.LauncherActivity}" drawable="练练" />

	<!-- 马甲线 -->
	<item component="ComponentInfo{cn.pocdoc.majiaxian/cn.pocdoc.majiaxian.activity.SplashActivity}" drawable="马甲线" />

	<!-- 每日瑜伽 -->
	<item component="ComponentInfo{com.dailyyoga.cn/com.dailyyoga.cn.activity.AdvertActivity}" drawable="每日瑜伽" />

	<!-- 美丽修行 -->
	<item component="ComponentInfo{cn.bevol.p/cn.bevol.p.activity.TransitionActivity}" drawable="美丽修行" />

	<!-- 美柚 -->
	<item component="ComponentInfo{com.lingan.seeyou/com.lingan.seeyou.ui.activity.main.WelcomeActivity}" drawable="美柚" />

	<!-- 魅族手环 -->
	<item component="ComponentInfo{com.meizu.smart.wristband/com.meizu.smart.wristband.StartActivity}" drawable="魅族手环" />

	<!-- 咪咕善跑 -->
	<item component="ComponentInfo{com.imohoo.shanpao/com.imohoo.shanpao.ui.first.StartupActivity}" drawable="咪咕善跑" />

	<!-- 米动健康 -->
	<item component="ComponentInfo{com.huami.midong/com.huami.midong.ui.MidongLoginActivity}" drawable="米动健康" />

	<!-- 平安好医生 -->
	<item component="ComponentInfo{com.pingan.papd/com.pingan.papd.ui.activities.JKLogoActivity}" drawable="平安好医生" />

	<!-- 骑记 -->
	<item component="ComponentInfo{cc.iriding.mobile/cc.iriding.v3.activity.FlashActivity}" drawable="骑记" />

	<!-- 麒麟臂 -->
	<item component="ComponentInfo{com.sf.qlb/com.sf.qlb.MainActivity}" drawable="麒麟臂" />

	<!-- 轻卡减肥 -->
	<item component="ComponentInfo{com.boohee.light/com.boohee.light.WelcomeActivity}" drawable="轻卡减肥" />

	<!-- 轻牛 -->
	<item component="ComponentInfo{com.qingniu.health/com.kingnew.health.main.view.activity.LauncherActivity}" drawable="轻牛" />

	<!-- easyeye -->
	<item component="ComponentInfo{com.netease.protecteyes/com.netease.protecteyes.MainActivity}" drawable="easyeye" />

	<!-- 三星健康步数管理 -->
	<item component="ComponentInfo{com.samsung.android.app.health.dataviewer/com.specher.shealthplus.MainActivity}" drawable="三星健康步数管理" />

	<!-- 糖豆 -->
	<item component="ComponentInfo{com.bokecc.dance/com.bokecc.dance.activity.SplashActivity}" drawable="糖豆" />

	<!-- iCare Health Monitor -->
	<item component="ComponentInfo{comm.cchong.BloodAssistant/comm.cchong.MainPage.WelcomeActivity}" drawable="icare_health_monitor" />

	<!-- 挑战plank -->
	<item component="ComponentInfo{cn.pocdoc.sports.plank/cn.pocdoc.sports.plank.EntranceActivity_}" drawable="挑战plank" />

	<!-- Mi Fit -->
	<item component="ComponentInfo{com.xiaomi.hm.health/com.xiaomi.hm.health.activity.StartUpActivity}" drawable="mi_fit" />

	<!-- 心潮减压 -->
	<item component="ComponentInfo{com.heartide.xinchao.stressandroid/com.heartide.xinchao.stressandroid.ui.activity.splash.SplashActivity}" drawable="心潮减压" />

	<!-- Cycle Timer -->
	<item component="ComponentInfo{com.finalweek10.android.cyclealarm/com.finalweek10.android.cycletimer.ui.SplashActivity}" drawable="cycle_timer" />

	<!-- 夜间护目镜 -->
	<item component="ComponentInfo{com.friendlove.huyan/com.friendlove.huyan.act.SplashActivity}" drawable="夜间护目镜" />

	<!-- Night Screen -->
	<item component="ComponentInfo{info.papdt.blackblub.another/info.papdt.blackblub.ui.LaunchActivity}" drawable="night_screen" />

	<!-- One Hit -->
	<item component="ComponentInfo{com.gongfu.onehit/com.stub.plugin.Stub01}" drawable="one_hit" />

	<!-- 医学时间 -->
	<item component="ComponentInfo{cn.dxy.medtime/cn.dxy.medtime.activity.StartupActivity}" drawable="医学时间" />

	<!-- 壹球 -->
	<item component="ComponentInfo{com.ioneball.oneball/com.meiti.oneball.ui.activity.SplashActivity}" drawable="壹球" />

	<!-- 硬派健身 -->
	<item component="ComponentInfo{com.toughwo/com.toughwo.activity.LoginActivity}" drawable="硬派健身" />

	<!-- 用药助手 -->
	<item component="ComponentInfo{cn.dxy.medicinehelper/cn.dxy.medicinehelper.activity.DrugLaunchActivity}" drawable="用药助手" />

	<!-- 有品·PICOOC -->
	<item component="ComponentInfo{com.picooc/com.picooc.activity.start.WelcomeActivity}" drawable="有品·picooc" />

	<!-- 原力囚徒健身 -->
	<item component="ComponentInfo{ren.qiutu.app/ren.qiutu.app.main.MainActivity}" drawable="原力囚徒健身" />

	<!-- Joyrun -->
	<item component="ComponentInfo{co.runner.app/co.runner.app.view.home.ui.HomeActivity}" drawable="joyrun" />

	<!-- 运动修改器 -->
	<item component="ComponentInfo{gml.php.sport/io.dcloud.PandoraEntry}" drawable="运动修改器" />

	<!-- 诊疗助手 -->
	<item component="ComponentInfo{com.ts.zlzs/com.ts.zlzs.LoadingActivity}" drawable="诊疗助手" />

	<!-- 自测用药 -->
	<item component="ComponentInfo{com.bingbuqi/com.stub.stub01.Stub01}" drawable="自测用药" />

	<!-- Amazfit Watch -->
	<item component="ComponentInfo{com.huami.watch.hmwatchmanager/com.huami.watch.companion.ui.MainActivity}" drawable="amazfit_watch" />

	<!-- ASMR -->
	<item component="ComponentInfo{com.lbrvan.asmr/com.lbrvan.asmr.MainActivity}" drawable="asmr" />

	<!-- bong -->
	<item component="ComponentInfo{cn.ginshell.bong/cn.ginshell.bong.ui.activity.WelcomeActivity}" drawable="bong" />

	<!-- Feel -->
	<item component="ComponentInfo{com.zhiyun.feel/com.zhiyun.feel.activity.MainActivity}" drawable="feel" />

	<!-- Fit -->
	<item component="ComponentInfo{com.sportq.fit/com.sportq.fit.business.account.activity.SptStartAppActivity}" drawable="fit" />

	<!-- Fitbit -->
	<item component="ComponentInfo{com.fitbit.FitbitMobile/com.fitbit.FirstActivity}" drawable="fitbit" />

	<!-- FitTime -->
	<item component="ComponentInfo{com.fittimellc.fittime/com.fittimellc.fittime.module.entry.splash.SplashActivity}" drawable="fittime" />

	<!-- Javaer -->
	<item component="ComponentInfo{com.yang.java.wechat/com.yang.java.wechat.MainActivity}" drawable="javaer" />

	<!-- Lovefit -->
	<item component="ComponentInfo{com.milink.android.air/com.milink.android.air.GuideActivity}" drawable="lovefit" />

	<!-- Misfit -->
	<item component="ComponentInfo{com.misfitwearables.prometheus/com.misfitwearables.prometheus.ui.LauncherActivity}" drawable="misfit" />

	<!-- Nike⁠ Run Club -->
	<item component="ComponentInfo{com.nike.plusgps/com.nike.plusgps.SplashActivity}" drawable="nike⁠_run_club" />

	<!-- Running -->
	<item component="ComponentInfo{com.nike.plusgpschina/com.nike.plusgps.SplashActivity}" drawable="running" />

	<!-- Runtastic Me -->
	<item component="ComponentInfo{com.runtastic.android.me.lite/com.runtastic.android.me.activities.MigrationActivity}" drawable="runtastic_me" />

	<!-- Results -->
	<item component="ComponentInfo{com.runtastic.android.results.lite/com.runtastic.android.results.activities.LoginTourActivity}" drawable="results" />

	<!-- SleepTown -->
	<item component="ComponentInfo{seekrtech.sleep/seekrtech.sleep.SplashActivity}" drawable="sleeptown" />

	<!-- Vibrator -->
	<item component="ComponentInfo{com.github.xiaofei_dev.vibrator/com.github.xiaofei_dev.vibrator.ui.MainActivity}" drawable="vibrator" />

	<!-- VisionTest -->
	<item component="ComponentInfo{visiontest.health.eyetest/com.qihoo.util.StartActivity}" drawable="visiontest" />

	<!-- Wake -->
	<item component="ComponentInfo{com.wakeyoga.wakeyoga/com.wakeyoga.wakeyoga.wake.user.SplashActivity}" drawable="wake" />

	<!-- WalkMate -->
	<item component="ComponentInfo{com.sonymobile.androidapp.walkmate/com.sonymobile.androidapp.walkmate.view.main.MainActivity}" drawable="walkmate" />

	<!-- WalknRun -->
	<item component="ComponentInfo{com.sonymobile.ippo/com.sonymobile.ippo.LauncherActivity}" drawable="walknrun" />

	<!-- Walkr -->
	<item component="ComponentInfo{com.fourdesire.spacewalk/com.fourdesire.iap.google.GoogleIapStartActivity}" drawable="walkr" />

	<!-- WALKUP -->
	<item component="ComponentInfo{com.walkup.walkup/com.walkup.walkup.activity.SplashActivity}" drawable="walkup" />

	<!-- Zone护眼 -->
	<item component="ComponentInfo{cn.mixiaoxiao.myappscreenmask/cn.mixiaoxiao.myappscreenmask.MainActivity}" drawable="zone护眼" />

</resources>