<appmap>

	<!-- 1药网 -->
	<item class="com.yiwang.LoadingActivity" name="1药网" />

	<!-- 阿甘跑步 -->
	<item class="cn.runagain.run.app.main.ui.SplashActivity" name="阿甘跑步" />

	<!-- 埃微助手 -->
	<item class="com.kunekt.healthy.activity.LoadingActivity" name="埃微助手" />

	<!-- 百度医生 -->
	<item class="com.baidu.patient.activity.SplashScreenActivity" name="百度医生" />

	<!-- 薄荷健康 -->
	<item class="com.boohee.one.ui.SplashActivity" name="薄荷健康" />

	<!-- 宝宝树孕育 -->
	<item class="com.babytree.apps.pregnancy.MainActivity" name="宝宝树孕育" />

	<!-- Tide -->
	<item class="io.moreless.tide.play.PlayActivity" name="tide" />

	<!-- 春雨计步器 -->
	<item class="me.chunyu.cypedometer.activities.WelcomeActivity" name="春雨计步器" />

	<!-- 春雨医生 -->
	<item class="me.chunyu.ChunyuDoctor.Activities.WelcomeActivity" name="春雨医生" />

	<!-- 丁香医生 -->
	<item class="cn.dxy.android.aspirin.ui.activity.StartupActivity" name="丁香医生" />

	<!-- 丁香园 -->
	<item class="cn.dxy.idxyer.common.StartupActivity" name="丁香园" />

	<!-- Pacer -->
	<item class="cc.pacer.androidapp.ui.splash.SplashActivity" name="pacer" />

	<!-- Pacer -->
	<item class="cc.pacer.androidapp.ui.splash.SplashActivity" name="pacer" />

	<!-- 毒 -->
	<item class="com.shine.ui.SplashActivity" name="毒" />

	<!-- 疯狂造人-备孕怀孕 -->
	<item class="com.bozhong.crazy.ui.other.activity.WelcomeActivity" name="疯狂造人-备孕怀孕" />

	<!-- Push Ups -->
	<item class="com.northpark.pushups.SplashActivity" name="push_ups" />

	<!-- 咕咚 -->
	<item class="com.codoon.gps.ui.login.WelcomeActivity" name="咕咚" />

	<!-- 过日子 -->
	<item class="com.huofar.activity.SplashActivity" name="过日子" />

	<!-- 哈罗单车 -->
	<item class="com.jingyao.easybike.presentation.ui.activity.SplashActivity" name="哈罗单车" />

	<!-- 好大夫在线 -->
	<item class="com.haodf.android.activity.SplashActivity" name="好大夫在线" />

	<!-- 好轻 -->
	<item class="com.yunmai.scale.ui.WelcomeActivity" name="好轻" />

	<!-- 黑鸟单车 -->
	<item class="com.bamboo.ibike.module.main.StartActivity" name="黑鸟单车" />

	<!-- 虎扑跑步 -->
	<item class="com.hupu.joggers.activity.SplashActivity" name="虎扑跑步" />

	<!-- 护眼宝防蓝光 -->
	<item class="protect.eye.TabMainActivity" name="护眼宝防蓝光" />

	<!-- Huawei Wear -->
	<item class="com.huawei.bone.root.SplashActivity" name="huawei_wear" />

	<!-- 火辣健身 -->
	<item class="com.hotbody.fitzero.ui.module.main.SplashActivity" name="火辣健身" />

	<!-- playerskin -->
	<item class="COM.Bangso.FitMiss.activity.SplashScreenActivity" name="playerskin" />

	<!-- 健康160-挂号问诊 -->
	<item class="cn.kidyn.qdmedical160.activity.splash.SplashActivity" name="健康160-挂号问诊" />

	<!-- Fit -->
	<item class="com.google.android.apps.fitness.welcome.WelcomeActivity" name="fit" />

	<!-- 乐跑步 -->
	<item class="cn.ledongli.runner.ui.activity.SplashScreenActivity" name="乐跑步" />

	<!-- 乐心运动 -->
	<item class="gz.lifesense.weidong.ui.activity.main.LaunchActivity" name="乐心运动" />

	<!-- 练练 -->
	<item class="com.lianliantech.lianlian.ui.activity.LauncherActivity" name="练练" />

	<!-- 马甲线 -->
	<item class="cn.pocdoc.majiaxian.activity.SplashActivity" name="马甲线" />

	<!-- 每日瑜伽 -->
	<item class="com.dailyyoga.cn.activity.AdvertActivity" name="每日瑜伽" />

	<!-- 美丽修行 -->
	<item class="cn.bevol.p.activity.TransitionActivity" name="美丽修行" />

	<!-- 美柚 -->
	<item class="com.lingan.seeyou.ui.activity.main.WelcomeActivity" name="美柚" />

	<!-- 魅族手环 -->
	<item class="com.meizu.smart.wristband.StartActivity" name="魅族手环" />

	<!-- 咪咕善跑 -->
	<item class="com.imohoo.shanpao.ui.first.StartupActivity" name="咪咕善跑" />

	<!-- 米动健康 -->
	<item class="com.huami.midong.ui.MidongLoginActivity" name="米动健康" />

	<!-- 平安好医生 -->
	<item class="com.pingan.papd.ui.activities.JKLogoActivity" name="平安好医生" />

	<!-- 骑记 -->
	<item class="cc.iriding.v3.activity.FlashActivity" name="骑记" />

	<!-- 麒麟臂 -->
	<item class="com.sf.qlb.MainActivity" name="麒麟臂" />

	<!-- 轻卡减肥 -->
	<item class="com.boohee.light.WelcomeActivity" name="轻卡减肥" />

	<!-- 轻牛 -->
	<item class="com.kingnew.health.main.view.activity.LauncherActivity" name="轻牛" />

	<!-- easyeye -->
	<item class="com.netease.protecteyes.MainActivity" name="easyeye" />

	<!-- 三星健康步数管理 -->
	<item class="com.specher.shealthplus.MainActivity" name="三星健康步数管理" />

	<!-- 糖豆 -->
	<item class="com.bokecc.dance.activity.SplashActivity" name="糖豆" />

	<!-- iCare Health Monitor -->
	<item class="comm.cchong.MainPage.WelcomeActivity" name="icare_health_monitor" />

	<!-- 挑战plank -->
	<item class="cn.pocdoc.sports.plank.EntranceActivity_" name="挑战plank" />

	<!-- Mi Fit -->
	<item class="com.xiaomi.hm.health.activity.StartUpActivity" name="mi_fit" />

	<!-- 心潮减压 -->
	<item class="com.heartide.xinchao.stressandroid.ui.activity.splash.SplashActivity" name="心潮减压" />

	<!-- Cycle Timer -->
	<item class="com.finalweek10.android.cycletimer.ui.SplashActivity" name="cycle_timer" />

	<!-- 夜间护目镜 -->
	<item class="com.friendlove.huyan.act.SplashActivity" name="夜间护目镜" />

	<!-- Night Screen -->
	<item class="info.papdt.blackblub.ui.LaunchActivity" name="night_screen" />

	<!-- One Hit -->
	<item class="com.stub.plugin.Stub01" name="one_hit" />

	<!-- 医学时间 -->
	<item class="cn.dxy.medtime.activity.StartupActivity" name="医学时间" />

	<!-- 壹球 -->
	<item class="com.meiti.oneball.ui.activity.SplashActivity" name="壹球" />

	<!-- 硬派健身 -->
	<item class="com.toughwo.activity.LoginActivity" name="硬派健身" />

	<!-- 用药助手 -->
	<item class="cn.dxy.medicinehelper.activity.DrugLaunchActivity" name="用药助手" />

	<!-- 有品·PICOOC -->
	<item class="com.picooc.activity.start.WelcomeActivity" name="有品·picooc" />

	<!-- 原力囚徒健身 -->
	<item class="ren.qiutu.app.main.MainActivity" name="原力囚徒健身" />

	<!-- Joyrun -->
	<item class="co.runner.app.view.home.ui.HomeActivity" name="joyrun" />

	<!-- 运动修改器 -->
	<item class="io.dcloud.PandoraEntry" name="运动修改器" />

	<!-- 诊疗助手 -->
	<item class="com.ts.zlzs.LoadingActivity" name="诊疗助手" />

	<!-- 自测用药 -->
	<item class="com.stub.stub01.Stub01" name="自测用药" />

	<!-- Amazfit Watch -->
	<item class="com.huami.watch.companion.ui.MainActivity" name="amazfit_watch" />

	<!-- ASMR -->
	<item class="com.lbrvan.asmr.MainActivity" name="asmr" />

	<!-- bong -->
	<item class="cn.ginshell.bong.ui.activity.WelcomeActivity" name="bong" />

	<!-- Feel -->
	<item class="com.zhiyun.feel.activity.MainActivity" name="feel" />

	<!-- Fit -->
	<item class="com.sportq.fit.business.account.activity.SptStartAppActivity" name="fit" />

	<!-- Fitbit -->
	<item class="com.fitbit.FirstActivity" name="fitbit" />

	<!-- FitTime -->
	<item class="com.fittimellc.fittime.module.entry.splash.SplashActivity" name="fittime" />

	<!-- Javaer -->
	<item class="com.yang.java.wechat.MainActivity" name="javaer" />

	<!-- Lovefit -->
	<item class="com.milink.android.air.GuideActivity" name="lovefit" />

	<!-- Misfit -->
	<item class="com.misfitwearables.prometheus.ui.LauncherActivity" name="misfit" />

	<!-- Nike⁠ Run Club -->
	<item class="com.nike.plusgps.SplashActivity" name="nike⁠_run_club" />

	<!-- Running -->
	<item class="com.nike.plusgps.SplashActivity" name="running" />

	<!-- Runtastic Me -->
	<item class="com.runtastic.android.me.activities.MigrationActivity" name="runtastic_me" />

	<!-- Results -->
	<item class="com.runtastic.android.results.activities.LoginTourActivity" name="results" />

	<!-- SleepTown -->
	<item class="seekrtech.sleep.SplashActivity" name="sleeptown" />

	<!-- Vibrator -->
	<item class="com.github.xiaofei_dev.vibrator.ui.MainActivity" name="vibrator" />

	<!-- VisionTest -->
	<item class="com.qihoo.util.StartActivity" name="visiontest" />

	<!-- Wake -->
	<item class="com.wakeyoga.wakeyoga.wake.user.SplashActivity" name="wake" />

	<!-- WalkMate -->
	<item class="com.sonymobile.androidapp.walkmate.view.main.MainActivity" name="walkmate" />

	<!-- WalknRun -->
	<item class="com.sonymobile.ippo.LauncherActivity" name="walknrun" />

	<!-- Walkr -->
	<item class="com.fourdesire.iap.google.GoogleIapStartActivity" name="walkr" />

	<!-- WALKUP -->
	<item class="com.walkup.walkup.activity.SplashActivity" name="walkup" />

	<!-- Zone护眼 -->
	<item class="cn.mixiaoxiao.myappscreenmask.MainActivity" name="zone护眼" />

</appmap>