<Theme version="1">

	<!-- 1药网 -->
	<AppIcon name="com.yiwang/com.yiwang.LoadingActivity" image="1药网" />

	<!-- 阿甘跑步 -->
	<AppIcon name="cn.runagain.run/cn.runagain.run.app.main.ui.SplashActivity" image="阿甘跑步" />

	<!-- 埃微助手 -->
	<AppIcon name="com.kunekt.healthy/com.kunekt.healthy.activity.LoadingActivity" image="埃微助手" />

	<!-- 百度医生 -->
	<AppIcon name="com.baidu.patient/com.baidu.patient.activity.SplashScreenActivity" image="百度医生" />

	<!-- 薄荷健康 -->
	<AppIcon name="com.boohee.one/com.boohee.one.ui.SplashActivity" image="薄荷健康" />

	<!-- 宝宝树孕育 -->
	<AppIcon name="com.babytree.apps.pregnancy/com.babytree.apps.pregnancy.MainActivity" image="宝宝树孕育" />

	<!-- Tide -->
	<AppIcon name="io.moreless.tide/io.moreless.tide.play.PlayActivity" image="tide" />

	<!-- 春雨计步器 -->
	<AppIcon name="me.chunyu.Pedometer/me.chunyu.cypedometer.activities.WelcomeActivity" image="春雨计步器" />

	<!-- 春雨医生 -->
	<AppIcon name="me.chunyu.ChunyuDoctor/me.chunyu.ChunyuDoctor.Activities.WelcomeActivity" image="春雨医生" />

	<!-- 丁香医生 -->
	<AppIcon name="cn.dxy.android.aspirin/cn.dxy.android.aspirin.ui.activity.StartupActivity" image="丁香医生" />

	<!-- 丁香园 -->
	<AppIcon name="cn.dxy.idxyer/cn.dxy.idxyer.common.StartupActivity" image="丁香园" />

	<!-- Pacer -->
	<AppIcon name="cc.pacer.androidapp/cc.pacer.androidapp.ui.splash.SplashActivity" image="pacer" />

	<!-- Pacer -->
	<AppIcon name="com.mandian.android.dongdong/cc.pacer.androidapp.ui.splash.SplashActivity" image="pacer" />

	<!-- 毒 -->
	<AppIcon name="com.shizhuang.duapp/com.shine.ui.SplashActivity" image="毒" />

	<!-- 疯狂造人-备孕怀孕 -->
	<AppIcon name="com.bozhong.crazy/com.bozhong.crazy.ui.other.activity.WelcomeActivity" image="疯狂造人-备孕怀孕" />

	<!-- Push Ups -->
	<AppIcon name="com.northpark.pushups/com.northpark.pushups.SplashActivity" image="push_ups" />

	<!-- 咕咚 -->
	<AppIcon name="com.codoon.gps/com.codoon.gps.ui.login.WelcomeActivity" image="咕咚" />

	<!-- 过日子 -->
	<AppIcon name="com.huofar/com.huofar.activity.SplashActivity" image="过日子" />

	<!-- 哈罗单车 -->
	<AppIcon name="com.jingyao.easybike/com.jingyao.easybike.presentation.ui.activity.SplashActivity" image="哈罗单车" />

	<!-- 好大夫在线 -->
	<AppIcon name="com.haodf.android/com.haodf.android.activity.SplashActivity" image="好大夫在线" />

	<!-- 好轻 -->
	<AppIcon name="com.yunmai.scale/com.yunmai.scale.ui.WelcomeActivity" image="好轻" />

	<!-- 黑鸟单车 -->
	<AppIcon name="com.bamboo.ibike/com.bamboo.ibike.module.main.StartActivity" image="黑鸟单车" />

	<!-- 虎扑跑步 -->
	<AppIcon name="com.hupu.joggers/com.hupu.joggers.activity.SplashActivity" image="虎扑跑步" />

	<!-- 护眼宝防蓝光 -->
	<AppIcon name="protect.eye/protect.eye.TabMainActivity" image="护眼宝防蓝光" />

	<!-- Huawei Wear -->
	<AppIcon name="com.huawei.bone/com.huawei.bone.root.SplashActivity" image="huawei_wear" />

	<!-- 火辣健身 -->
	<AppIcon name="com.hotbody.fitzero/com.hotbody.fitzero.ui.module.main.SplashActivity" image="火辣健身" />

	<!-- playerskin -->
	<AppIcon name="COM.Bangso.FitMiss/COM.Bangso.FitMiss.activity.SplashScreenActivity" image="playerskin" />

	<!-- 健康160-挂号问诊 -->
	<AppIcon name="cn.kidyn.qdmedical160/cn.kidyn.qdmedical160.activity.splash.SplashActivity" image="健康160-挂号问诊" />

	<!-- Fit -->
	<AppIcon name="com.google.android.apps.fitness/com.google.android.apps.fitness.welcome.WelcomeActivity" image="fit" />

	<!-- 乐跑步 -->
	<AppIcon name="cn.ledongli.runner/cn.ledongli.runner.ui.activity.SplashScreenActivity" image="乐跑步" />

	<!-- 乐心运动 -->
	<AppIcon name="gz.lifesense.weidong/gz.lifesense.weidong.ui.activity.main.LaunchActivity" image="乐心运动" />

	<!-- 练练 -->
	<AppIcon name="com.lianliantech.lianlian/com.lianliantech.lianlian.ui.activity.LauncherActivity" image="练练" />

	<!-- 马甲线 -->
	<AppIcon name="cn.pocdoc.majiaxian/cn.pocdoc.majiaxian.activity.SplashActivity" image="马甲线" />

	<!-- 每日瑜伽 -->
	<AppIcon name="com.dailyyoga.cn/com.dailyyoga.cn.activity.AdvertActivity" image="每日瑜伽" />

	<!-- 美丽修行 -->
	<AppIcon name="cn.bevol.p/cn.bevol.p.activity.TransitionActivity" image="美丽修行" />

	<!-- 美柚 -->
	<AppIcon name="com.lingan.seeyou/com.lingan.seeyou.ui.activity.main.WelcomeActivity" image="美柚" />

	<!-- 魅族手环 -->
	<AppIcon name="com.meizu.smart.wristband/com.meizu.smart.wristband.StartActivity" image="魅族手环" />

	<!-- 咪咕善跑 -->
	<AppIcon name="com.imohoo.shanpao/com.imohoo.shanpao.ui.first.StartupActivity" image="咪咕善跑" />

	<!-- 米动健康 -->
	<AppIcon name="com.huami.midong/com.huami.midong.ui.MidongLoginActivity" image="米动健康" />

	<!-- 平安好医生 -->
	<AppIcon name="com.pingan.papd/com.pingan.papd.ui.activities.JKLogoActivity" image="平安好医生" />

	<!-- 骑记 -->
	<AppIcon name="cc.iriding.mobile/cc.iriding.v3.activity.FlashActivity" image="骑记" />

	<!-- 麒麟臂 -->
	<AppIcon name="com.sf.qlb/com.sf.qlb.MainActivity" image="麒麟臂" />

	<!-- 轻卡减肥 -->
	<AppIcon name="com.boohee.light/com.boohee.light.WelcomeActivity" image="轻卡减肥" />

	<!-- 轻牛 -->
	<AppIcon name="com.qingniu.health/com.kingnew.health.main.view.activity.LauncherActivity" image="轻牛" />

	<!-- easyeye -->
	<AppIcon name="com.netease.protecteyes/com.netease.protecteyes.MainActivity" image="easyeye" />

	<!-- 三星健康步数管理 -->
	<AppIcon name="com.samsung.android.app.health.dataviewer/com.specher.shealthplus.MainActivity" image="三星健康步数管理" />

	<!-- 糖豆 -->
	<AppIcon name="com.bokecc.dance/com.bokecc.dance.activity.SplashActivity" image="糖豆" />

	<!-- iCare Health Monitor -->
	<AppIcon name="comm.cchong.BloodAssistant/comm.cchong.MainPage.WelcomeActivity" image="icare_health_monitor" />

	<!-- 挑战plank -->
	<AppIcon name="cn.pocdoc.sports.plank/cn.pocdoc.sports.plank.EntranceActivity_" image="挑战plank" />

	<!-- Mi Fit -->
	<AppIcon name="com.xiaomi.hm.health/com.xiaomi.hm.health.activity.StartUpActivity" image="mi_fit" />

	<!-- 心潮减压 -->
	<AppIcon name="com.heartide.xinchao.stressandroid/com.heartide.xinchao.stressandroid.ui.activity.splash.SplashActivity" image="心潮减压" />

	<!-- Cycle Timer -->
	<AppIcon name="com.finalweek10.android.cyclealarm/com.finalweek10.android.cycletimer.ui.SplashActivity" image="cycle_timer" />

	<!-- 夜间护目镜 -->
	<AppIcon name="com.friendlove.huyan/com.friendlove.huyan.act.SplashActivity" image="夜间护目镜" />

	<!-- Night Screen -->
	<AppIcon name="info.papdt.blackblub.another/info.papdt.blackblub.ui.LaunchActivity" image="night_screen" />

	<!-- One Hit -->
	<AppIcon name="com.gongfu.onehit/com.stub.plugin.Stub01" image="one_hit" />

	<!-- 医学时间 -->
	<AppIcon name="cn.dxy.medtime/cn.dxy.medtime.activity.StartupActivity" image="医学时间" />

	<!-- 壹球 -->
	<AppIcon name="com.ioneball.oneball/com.meiti.oneball.ui.activity.SplashActivity" image="壹球" />

	<!-- 硬派健身 -->
	<AppIcon name="com.toughwo/com.toughwo.activity.LoginActivity" image="硬派健身" />

	<!-- 用药助手 -->
	<AppIcon name="cn.dxy.medicinehelper/cn.dxy.medicinehelper.activity.DrugLaunchActivity" image="用药助手" />

	<!-- 有品·PICOOC -->
	<AppIcon name="com.picooc/com.picooc.activity.start.WelcomeActivity" image="有品·picooc" />

	<!-- 原力囚徒健身 -->
	<AppIcon name="ren.qiutu.app/ren.qiutu.app.main.MainActivity" image="原力囚徒健身" />

	<!-- Joyrun -->
	<AppIcon name="co.runner.app/co.runner.app.view.home.ui.HomeActivity" image="joyrun" />

	<!-- 运动修改器 -->
	<AppIcon name="gml.php.sport/io.dcloud.PandoraEntry" image="运动修改器" />

	<!-- 诊疗助手 -->
	<AppIcon name="com.ts.zlzs/com.ts.zlzs.LoadingActivity" image="诊疗助手" />

	<!-- 自测用药 -->
	<AppIcon name="com.bingbuqi/com.stub.stub01.Stub01" image="自测用药" />

	<!-- Amazfit Watch -->
	<AppIcon name="com.huami.watch.hmwatchmanager/com.huami.watch.companion.ui.MainActivity" image="amazfit_watch" />

	<!-- ASMR -->
	<AppIcon name="com.lbrvan.asmr/com.lbrvan.asmr.MainActivity" image="asmr" />

	<!-- bong -->
	<AppIcon name="cn.ginshell.bong/cn.ginshell.bong.ui.activity.WelcomeActivity" image="bong" />

	<!-- Feel -->
	<AppIcon name="com.zhiyun.feel/com.zhiyun.feel.activity.MainActivity" image="feel" />

	<!-- Fit -->
	<AppIcon name="com.sportq.fit/com.sportq.fit.business.account.activity.SptStartAppActivity" image="fit" />

	<!-- Fitbit -->
	<AppIcon name="com.fitbit.FitbitMobile/com.fitbit.FirstActivity" image="fitbit" />

	<!-- FitTime -->
	<AppIcon name="com.fittimellc.fittime/com.fittimellc.fittime.module.entry.splash.SplashActivity" image="fittime" />

	<!-- Javaer -->
	<AppIcon name="com.yang.java.wechat/com.yang.java.wechat.MainActivity" image="javaer" />

	<!-- Lovefit -->
	<AppIcon name="com.milink.android.air/com.milink.android.air.GuideActivity" image="lovefit" />

	<!-- Misfit -->
	<AppIcon name="com.misfitwearables.prometheus/com.misfitwearables.prometheus.ui.LauncherActivity" image="misfit" />

	<!-- Nike⁠ Run Club -->
	<AppIcon name="com.nike.plusgps/com.nike.plusgps.SplashActivity" image="nike⁠_run_club" />

	<!-- Running -->
	<AppIcon name="com.nike.plusgpschina/com.nike.plusgps.SplashActivity" image="running" />

	<!-- Runtastic Me -->
	<AppIcon name="com.runtastic.android.me.lite/com.runtastic.android.me.activities.MigrationActivity" image="runtastic_me" />

	<!-- Results -->
	<AppIcon name="com.runtastic.android.results.lite/com.runtastic.android.results.activities.LoginTourActivity" image="results" />

	<!-- SleepTown -->
	<AppIcon name="seekrtech.sleep/seekrtech.sleep.SplashActivity" image="sleeptown" />

	<!-- Vibrator -->
	<AppIcon name="com.github.xiaofei_dev.vibrator/com.github.xiaofei_dev.vibrator.ui.MainActivity" image="vibrator" />

	<!-- VisionTest -->
	<AppIcon name="visiontest.health.eyetest/com.qihoo.util.StartActivity" image="visiontest" />

	<!-- Wake -->
	<AppIcon name="com.wakeyoga.wakeyoga/com.wakeyoga.wakeyoga.wake.user.SplashActivity" image="wake" />

	<!-- WalkMate -->
	<AppIcon name="com.sonymobile.androidapp.walkmate/com.sonymobile.androidapp.walkmate.view.main.MainActivity" image="walkmate" />

	<!-- WalknRun -->
	<AppIcon name="com.sonymobile.ippo/com.sonymobile.ippo.LauncherActivity" image="walknrun" />

	<!-- Walkr -->
	<AppIcon name="com.fourdesire.spacewalk/com.fourdesire.iap.google.GoogleIapStartActivity" image="walkr" />

	<!-- WALKUP -->
	<AppIcon name="com.walkup.walkup/com.walkup.walkup.activity.SplashActivity" image="walkup" />

	<!-- Zone护眼 -->
	<AppIcon name="cn.mixiaoxiao.myappscreenmask/cn.mixiaoxiao.myappscreenmask.MainActivity" image="zone护眼" />

</Theme>