<resources>

	<!-- 10086 -->
	<item component="ComponentInfo{zz.dela.cmcc.traffic/zz.dela.cmcc.traffic.activity.SplashActivity}" drawable="10086" />

	<!-- 白描 -->
	<item component="ComponentInfo{com.uzero.baimiao/com.uzero.baimiao.Hello}" drawable="白描" />

	<!-- Baidu IME -->
	<item component="ComponentInfo{com.baidu.input/com.baidu.input.ImeAppMainActivity}" drawable="baidu_ime" />

	<!-- 存储空间清理 -->
	<item component="ComponentInfo{com.ktls.fileinfo/com.ktls.fileinfo.MainSDClear}" drawable="存储空间清理" />

	<!-- 黑白门 -->
	<item component="ComponentInfo{com.example.bwappdoor/com.example.bwappdoor.MainActivity}" drawable="黑白门" />

	<!-- 兰空典藏版 -->
	<item component="ComponentInfo{com.ilongyuan.voez.ly/com.ilongyuan.voez.remaster.MainActivity}" drawable="兰空典藏版" />

	<!-- NikkiUP2U3 -->
	<item component="ComponentInfo{com.tencent.tmgp.qjnn/com.pape.nuan3.core.SplashActivity}" drawable="nikkiup2u3" />

	<!-- 全民K歌 -->
	<item component="ComponentInfo{com.tencent.karaoke/com.tencent.karaoke.module.splash.ui.SplashBaseActivity}" drawable="全民k歌" />

	<!-- 搜图神器 -->
	<item component="ComponentInfo{com.example.administrator.searchpicturetool/com.example.administrator.searchpicturetool.launch.LaunchActivity}" drawable="搜图神器" />

	<!-- 王者荣耀 -->
	<item component="ComponentInfo{com.tencent.tmgp.sgame/com.tencent.tmgp.sgame.SGameActivity}" drawable="王者荣耀" />

	<!-- 王者荣耀助手 -->
	<item component="ComponentInfo{com.tencent.gamehelper.smoba/com.tencent.gamehelper.ui.main.WelcomeActivity}" drawable="王者荣耀助手" />

	<!-- 重庆城 -->
	<item component="ComponentInfo{com.cmcc.wificity/com.cqmc.cqcity.ui.launcher.LauncherActivity}" drawable="重庆城" />

	<!-- 重庆移动 -->
	<item component="ComponentInfo{com.cqmc.client/com.cqmc.client.splashModule.ui.activity.SplashActivity}" drawable="重庆移动" />

	<!-- B612咔叽 -->
	<item component="ComponentInfo{com.campmobile.snowcamera/com.linecorp.b612.android.activity.ActivityCamera}" drawable="b612咔叽" />

	<!-- QQ邮箱 -->
	<item component="ComponentInfo{com.tencent.androidqqmail/com.tencent.qqmail.launcher.desktop.LauncherActivity}" drawable="qq邮箱" />

	<!-- TA的风格 -->
	<item component="ComponentInfo{com.his.style.iconpack/com.his.style.iconpack.activities.SplashActivity}" drawable="ta的风格" />

	<!-- ViPER4Android FX -->
	<item component="ComponentInfo{com.audlabs.viperfx/com.audlabs.viperfx.main.MainActivity}" drawable="viper4android_fx" />

	<!-- Welike -->
	<item component="ComponentInfo{com.sxy.ui/com.sxy.ui.view.MainActivity}" drawable="welike" />

	<!-- WiFi Master Key -->
	<item component="ComponentInfo{com.halo.wifikey.wifilocating/com.lantern.launcher.ui.MainActivity}" drawable="wifi_master_key" />

</resources>