<appmap>

	<!-- 10086 -->
	<item class="zz.dela.cmcc.traffic.activity.SplashActivity" name="10086" />

	<!-- 白描 -->
	<item class="com.uzero.baimiao.Hello" name="白描" />

	<!-- Baidu IME -->
	<item class="com.baidu.input.ImeAppMainActivity" name="baidu_ime" />

	<!-- 存储空间清理 -->
	<item class="com.ktls.fileinfo.MainSDClear" name="存储空间清理" />

	<!-- 黑白门 -->
	<item class="com.example.bwappdoor.MainActivity" name="黑白门" />

	<!-- 兰空典藏版 -->
	<item class="com.ilongyuan.voez.remaster.MainActivity" name="兰空典藏版" />

	<!-- NikkiUP2U3 -->
	<item class="com.pape.nuan3.core.SplashActivity" name="nikkiup2u3" />

	<!-- 全民K歌 -->
	<item class="com.tencent.karaoke.module.splash.ui.SplashBaseActivity" name="全民k歌" />

	<!-- 搜图神器 -->
	<item class="com.example.administrator.searchpicturetool.launch.LaunchActivity" name="搜图神器" />

	<!-- 王者荣耀 -->
	<item class="com.tencent.tmgp.sgame.SGameActivity" name="王者荣耀" />

	<!-- 王者荣耀助手 -->
	<item class="com.tencent.gamehelper.ui.main.WelcomeActivity" name="王者荣耀助手" />

	<!-- 重庆城 -->
	<item class="com.cqmc.cqcity.ui.launcher.LauncherActivity" name="重庆城" />

	<!-- 重庆移动 -->
	<item class="com.cqmc.client.splashModule.ui.activity.SplashActivity" name="重庆移动" />

	<!-- B612咔叽 -->
	<item class="com.linecorp.b612.android.activity.ActivityCamera" name="b612咔叽" />

	<!-- QQ邮箱 -->
	<item class="com.tencent.qqmail.launcher.desktop.LauncherActivity" name="qq邮箱" />

	<!-- TA的风格 -->
	<item class="com.his.style.iconpack.activities.SplashActivity" name="ta的风格" />

	<!-- ViPER4Android FX -->
	<item class="com.audlabs.viperfx.main.MainActivity" name="viper4android_fx" />

	<!-- Welike -->
	<item class="com.sxy.ui.view.MainActivity" name="welike" />

	<!-- WiFi Master Key -->
	<item class="com.lantern.launcher.ui.MainActivity" name="wifi_master_key" />

</appmap>