<Theme version="1">

	<!-- 10086 -->
	<AppIcon name="zz.dela.cmcc.traffic/zz.dela.cmcc.traffic.activity.SplashActivity" image="10086" />

	<!-- 白描 -->
	<AppIcon name="com.uzero.baimiao/com.uzero.baimiao.Hello" image="白描" />

	<!-- Baidu IME -->
	<AppIcon name="com.baidu.input/com.baidu.input.ImeAppMainActivity" image="baidu_ime" />

	<!-- 存储空间清理 -->
	<AppIcon name="com.ktls.fileinfo/com.ktls.fileinfo.MainSDClear" image="存储空间清理" />

	<!-- 黑白门 -->
	<AppIcon name="com.example.bwappdoor/com.example.bwappdoor.MainActivity" image="黑白门" />

	<!-- 兰空典藏版 -->
	<AppIcon name="com.ilongyuan.voez.ly/com.ilongyuan.voez.remaster.MainActivity" image="兰空典藏版" />

	<!-- NikkiUP2U3 -->
	<AppIcon name="com.tencent.tmgp.qjnn/com.pape.nuan3.core.SplashActivity" image="nikkiup2u3" />

	<!-- 全民K歌 -->
	<AppIcon name="com.tencent.karaoke/com.tencent.karaoke.module.splash.ui.SplashBaseActivity" image="全民k歌" />

	<!-- 搜图神器 -->
	<AppIcon name="com.example.administrator.searchpicturetool/com.example.administrator.searchpicturetool.launch.LaunchActivity" image="搜图神器" />

	<!-- 王者荣耀 -->
	<AppIcon name="com.tencent.tmgp.sgame/com.tencent.tmgp.sgame.SGameActivity" image="王者荣耀" />

	<!-- 王者荣耀助手 -->
	<AppIcon name="com.tencent.gamehelper.smoba/com.tencent.gamehelper.ui.main.WelcomeActivity" image="王者荣耀助手" />

	<!-- 重庆城 -->
	<AppIcon name="com.cmcc.wificity/com.cqmc.cqcity.ui.launcher.LauncherActivity" image="重庆城" />

	<!-- 重庆移动 -->
	<AppIcon name="com.cqmc.client/com.cqmc.client.splashModule.ui.activity.SplashActivity" image="重庆移动" />

	<!-- B612咔叽 -->
	<AppIcon name="com.campmobile.snowcamera/com.linecorp.b612.android.activity.ActivityCamera" image="b612咔叽" />

	<!-- QQ邮箱 -->
	<AppIcon name="com.tencent.androidqqmail/com.tencent.qqmail.launcher.desktop.LauncherActivity" image="qq邮箱" />

	<!-- TA的风格 -->
	<AppIcon name="com.his.style.iconpack/com.his.style.iconpack.activities.SplashActivity" image="ta的风格" />

	<!-- ViPER4Android FX -->
	<AppIcon name="com.audlabs.viperfx/com.audlabs.viperfx.main.MainActivity" image="viper4android_fx" />

	<!-- Welike -->
	<AppIcon name="com.sxy.ui/com.sxy.ui.view.MainActivity" image="welike" />

	<!-- WiFi Master Key -->
	<AppIcon name="com.halo.wifikey.wifilocating/com.lantern.launcher.ui.MainActivity" image="wifi_master_key" />

</Theme>