<resources>

	<!-- 500px -->
	<item component="ComponentInfo{com.fivehundredpx.viewer/com.fivehundredpx.viewer.main.RootActivity}" drawable="500px" />

	<!-- Sheets -->
	<item component="ComponentInfo{com.google.android.apps.docs.editors.sheets/com.google.android.apps.docs.app.NewMainProxyActivity}" drawable="sheets" />

	<!-- Earth -->
	<item component="ComponentInfo{com.google.earth/com.google.android.apps.earth.EarthActivity}" drawable="earth" />

	<!-- Maps -->
	<item component="ComponentInfo{com.google.android.apps.maps/com.google.android.maps.MapsActivity}" drawable="maps" />

	<!-- Google Cantonese Input -->
	<item component="ComponentInfo{com.google.android.apps.inputmethod.cantonese/com.google.android.apps.inputmethod.libs.framework.core.LauncherActivity}" drawable="google_cantonese_input" />

	<!-- Google Zhuyin Input -->
	<item component="ComponentInfo{com.google.android.apps.inputmethod.zhuyin/com.google.android.apps.inputmethod.libs.framework.core.LauncherActivity}" drawable="google_zhuyin_input" />

	<!-- Hangouts -->
	<item component="ComponentInfo{com.google.android.talk/com.google.android.talk.SigningInActivity}" drawable="hangouts" />

	<!-- Slides -->
	<item component="ComponentInfo{com.google.android.apps.docs.editors.slides/com.google.android.apps.docs.app.NewMainProxyActivity}" drawable="slides" />

	<!-- 即刻 -->
	<item component="ComponentInfo{com.ruguoapp.jike/com.ruguoapp.jike.business.main.ui.SplashActivity}" drawable="即刻" />

	<!-- Street View -->
	<item component="ComponentInfo{com.google.android.street/com.google.android.apps.dragonfly.activities.main.MainActivity}" drawable="street_view" />

	<!-- Classroom -->
	<item component="ComponentInfo{com.google.android.apps.classroom/com.google.android.apps.classroom.application.LauncherActivity}" drawable="classroom" />

	<!-- Authenticator -->
	<item component="ComponentInfo{com.google.android.apps.authenticator2/com.google.android.apps.authenticator.AuthenticatorActivity}" drawable="authenticator" />

	<!-- NetEase News -->
	<item component="ComponentInfo{com.netease.newsreader.activity/com.netease.nr.biz.ad.AdActivity}" drawable="netease_news" />

	<!-- Docs -->
	<item component="ComponentInfo{com.google.android.apps.docs.editors.docs/com.google.android.apps.docs.app.NewMainProxyActivity}" drawable="docs" />

	<!-- Camera360 -->
	<item component="ComponentInfo{vStudio.Android.Camera360/vStudio.Android.Camera360.activity.CameraActivity}" drawable="camera360" />

	<!-- News & Weather -->
	<item component="ComponentInfo{com.google.android.apps.genie.geniewidget/com.google.android.apps.genie.geniewidget.activities.NewsActivity}" drawable="news_&_weather" />

	<!-- Google -->
	<item component="ComponentInfo{com.google.android.googlequicksearchbox/com.google.android.googlequicksearchbox.VoiceSearchActivity}" drawable="google" />

	<!-- Remote Desktop -->
	<item component="ComponentInfo{com.google.chromeremotedesktop/org.chromium.chromoting.Chromoting}" drawable="remote_desktop" />

	<!-- Photos -->
	<item component="ComponentInfo{com.google.android.apps.photos/com.google.android.apps.photos.home.HomeActivity}" drawable="photos" />

	<!-- PhotoScan -->
	<item component="ComponentInfo{com.google.android.apps.photos.scanner/com.google.android.apps.photos.scanner.home.HomeActivity}" drawable="photoscan" />

	<!-- Assistant -->
	<item component="ComponentInfo{com.google.android.apps.googleassistant/com.google.android.apps.googleassistant.AssistantActivity}" drawable="assistant" />

	<!-- 智友 -->
	<item component="ComponentInfo{com.zhiyoo/com.zhiyoo.ui.MainActivity}" drawable="智友" />

	<!-- Droidddle -->
	<item component="ComponentInfo{org.goodev.droidddle/org.goodev.droidddle.MainActivity}" drawable="droidddle" />

	<!-- Admin -->
	<item component="ComponentInfo{com.google.android.apps.enterprise.cpanel/com.google.android.apps.enterprise.cpanel.activities.EntryPointActivity}" drawable="admin" />

	<!-- Allo -->
	<item component="ComponentInfo{com.google.android.apps.fireball/com.google.android.apps.fireball.ui.conversationlist.ConversationListActivity}" drawable="allo" />

	<!-- Analytics -->
	<item component="ComponentInfo{com.google.android.apps.giant/com.google.android.apps.giant.activity.LauncherActivity}" drawable="analytics" />

	<!-- Arts & Culture -->
	<item component="ComponentInfo{com.google.android.apps.cultural/com.google.android.apps.cultural.activity.WebViewActivity}" drawable="arts_&_culture" />

	<!-- Behance -->
	<item component="ComponentInfo{com.behance.behance/com.behance.network.ui.activities.MainActivity}" drawable="behance" />

	<!-- Candy Crush Saga -->
	<item component="ComponentInfo{com.king.candycrushsaga/com.king.candycrushsaga.CandyCrushSagaActivity}" drawable="candy_crush_saga" />

	<!-- Chrome Beta -->
	<item component="ComponentInfo{com.chrome.beta/com.google.android.apps.chrome.Main}" drawable="chrome_beta" />

	<!-- Chrome Dev -->
	<item component="ComponentInfo{com.chrome.dev/com.google.android.apps.chrome.Main}" drawable="chrome_dev" />

	<!-- Datally -->
	<item component="ComponentInfo{com.google.android.apps.freighter/com.google.android.apps.nbu.freighter.splash.SplashActivity}" drawable="datally" />

	<!-- Device Policy -->
	<item component="ComponentInfo{com.google.android.apps.enterprise.dmagent/com.google.android.apps.enterprise.dmagent.DMAgentActivity}" drawable="device_policy" />

	<!-- Duo -->
	<item component="ComponentInfo{com.google.android.apps.tachyon/com.google.android.apps.tachyon.MainActivity}" drawable="duo" />

	<!-- Facebook -->
	<item component="ComponentInfo{com.facebook.katana/com.facebook.katana.LoginActivity}" drawable="facebook" />

	<!-- Files Go -->
	<item component="ComponentInfo{com.google.android.apps.nbu.files/com.google.android.apps.nbu.files.home.HomeActivity}" drawable="files_go" />

	<!-- Gmail -->
	<item component="ComponentInfo{com.google.android.gm/com.google.android.gm.ConversationListActivityGmail}" drawable="gmail" />

	<!-- Google -->
	<item component="ComponentInfo{com.google.android.googlequicksearchbox/com.google.android.googlequicksearchbox.SearchActivity}" drawable="google" />

	<!-- Google Korean Input -->
	<item component="ComponentInfo{com.google.android.inputmethod.korean/com.google.android.apps.inputmethod.libs.framework.core.LauncherActivity}" drawable="google_korean_input" />

	<!-- Google Japanese Input -->
	<item component="ComponentInfo{com.google.android.inputmethod.japanese/com.google.android.apps.inputmethod.libs.framework.core.LauncherActivity}" drawable="google_japanese_input" />

	<!-- Google Handwriting Input -->
	<item component="ComponentInfo{com.google.android.apps.handwriting.ime/com.google.android.apps.handwriting.ime.WelcomeActivity}" drawable="google_handwriting_input" />

	<!-- Google Trips -->
	<item component="ComponentInfo{com.google.android.apps.travel.onthego/com.google.android.apps.travel.onthego.activities.MainActivity}" drawable="google_trips" />

	<!-- Home -->
	<item component="ComponentInfo{com.google.android.apps.chromecast.app/com.google.android.apps.chromecast.app.DiscoveryActivity}" drawable="home" />

	<!-- Inbox -->
	<item component="ComponentInfo{com.google.android.apps.inbox/com.google.android.apps.bigtop.activities.InitActivity}" drawable="inbox" />

	<!-- Instagram -->
	<item component="ComponentInfo{com.instagram.android/com.instagram.android.activity.MainTabActivity}" drawable="instagram" />

	<!-- Keep -->
	<item component="ComponentInfo{com.google.android.keep/com.google.android.keep.activities.BrowseActivity}" drawable="keep" />

	<!-- LINE -->
	<item component="ComponentInfo{jp.naver.line.android/jp.naver.line.android.activity.SplashActivity}" drawable="line" />

	<!-- LinkedIn -->
	<item component="ComponentInfo{com.linkedin.android/com.linkedin.android.authenticator.LaunchActivity}" drawable="linkedin" />

	<!-- Messenger Lite -->
	<item component="ComponentInfo{com.facebook.mlite/com.facebook.mlite.coreui.view.MainActivity}" drawable="messenger_lite" />

	<!-- PicsArt -->
	<item component="ComponentInfo{com.picsart.studio/com.socialin.android.photo.picsinphoto.MainPagerActivity}" drawable="picsart" />

	<!-- Pinterest -->
	<item component="ComponentInfo{com.pinterest/com.pinterest.activity.PinterestActivity}" drawable="pinterest" />

	<!-- Google Play Movies -->
	<item component="ComponentInfo{com.google.android.videos/com.google.android.youtube.videos.EntryPoint}" drawable="google_play_movies" />

	<!-- Google Play Games -->
	<item component="ComponentInfo{com.google.android.play.games/com.google.android.gms.games.ui.destination.main.MainActivity}" drawable="google_play_games" />

	<!-- Skype -->
	<item component="ComponentInfo{com.skype.raider/com.skype.raider.Main}" drawable="skype" />

	<!-- Snapchat -->
	<item component="ComponentInfo{com.snapchat.android/com.snapchat.android.LandingPageActivity}" drawable="snapchat" />

	<!-- Snapseed -->
	<item component="ComponentInfo{com.niksoftware.snapseed/com.google.android.apps.snapseed.WelcomeScreenActivity}" drawable="snapseed" />

	<!-- SoundCloud -->
	<item component="ComponentInfo{com.soundcloud.android/com.soundcloud.android.main.LauncherActivity}" drawable="soundcloud" />

	<!-- Spotify -->
	<item component="ComponentInfo{com.spotify.music/com.spotify.music.MainActivity}" drawable="spotify" />

	<!-- Subway Surf -->
	<item component="ComponentInfo{com.kiloo.subwaysurf/com.kiloo.unityutilities.UnityPluginActivity}" drawable="subway_surf" />

	<!-- SwiftKey Keyboard -->
	<item component="ComponentInfo{com.touchtype.swiftkey/com.touchtype.LauncherActivityIcon}" drawable="swiftkey_keyboard" />

	<!-- Telegram -->
	<item component="ComponentInfo{org.telegram.messenger/org.telegram.ui.LaunchActivity}" drawable="telegram" />

	<!-- Twitter -->
	<item component="ComponentInfo{com.twitter.android/com.twitter.android.StartActivity}" drawable="twitter" />

	<!-- WhatsApp -->
	<item component="ComponentInfo{com.whatsapp/com.whatsapp.Main}" drawable="whatsapp" />

	<!-- YT Kids -->
	<item component="ComponentInfo{com.google.android.apps.youtube.kids/com.google.android.apps.youtube.kids.activities.SplashScreenActivity}" drawable="yt_kids" />

</resources>