<appmap>

	<!-- 500px -->
	<item class="com.fivehundredpx.viewer.main.RootActivity" name="500px" />

	<!-- Sheets -->
	<item class="com.google.android.apps.docs.app.NewMainProxyActivity" name="sheets" />

	<!-- Earth -->
	<item class="com.google.android.apps.earth.EarthActivity" name="earth" />

	<!-- Maps -->
	<item class="com.google.android.maps.MapsActivity" name="maps" />

	<!-- Google Cantonese Input -->
	<item class="com.google.android.apps.inputmethod.libs.framework.core.LauncherActivity" name="google_cantonese_input" />

	<!-- Google Zhuyin Input -->
	<item class="com.google.android.apps.inputmethod.libs.framework.core.LauncherActivity" name="google_zhuyin_input" />

	<!-- Hangouts -->
	<item class="com.google.android.talk.SigningInActivity" name="hangouts" />

	<!-- Slides -->
	<item class="com.google.android.apps.docs.app.NewMainProxyActivity" name="slides" />

	<!-- 即刻 -->
	<item class="com.ruguoapp.jike.business.main.ui.SplashActivity" name="即刻" />

	<!-- Street View -->
	<item class="com.google.android.apps.dragonfly.activities.main.MainActivity" name="street_view" />

	<!-- Classroom -->
	<item class="com.google.android.apps.classroom.application.LauncherActivity" name="classroom" />

	<!-- Authenticator -->
	<item class="com.google.android.apps.authenticator.AuthenticatorActivity" name="authenticator" />

	<!-- NetEase News -->
	<item class="com.netease.nr.biz.ad.AdActivity" name="netease_news" />

	<!-- Docs -->
	<item class="com.google.android.apps.docs.app.NewMainProxyActivity" name="docs" />

	<!-- Camera360 -->
	<item class="vStudio.Android.Camera360.activity.CameraActivity" name="camera360" />

	<!-- News & Weather -->
	<item class="com.google.android.apps.genie.geniewidget.activities.NewsActivity" name="news_&_weather" />

	<!-- Google -->
	<item class="com.google.android.googlequicksearchbox.VoiceSearchActivity" name="google" />

	<!-- Remote Desktop -->
	<item class="org.chromium.chromoting.Chromoting" name="remote_desktop" />

	<!-- Photos -->
	<item class="com.google.android.apps.photos.home.HomeActivity" name="photos" />

	<!-- PhotoScan -->
	<item class="com.google.android.apps.photos.scanner.home.HomeActivity" name="photoscan" />

	<!-- Assistant -->
	<item class="com.google.android.apps.googleassistant.AssistantActivity" name="assistant" />

	<!-- 智友 -->
	<item class="com.zhiyoo.ui.MainActivity" name="智友" />

	<!-- Droidddle -->
	<item class="org.goodev.droidddle.MainActivity" name="droidddle" />

	<!-- Admin -->
	<item class="com.google.android.apps.enterprise.cpanel.activities.EntryPointActivity" name="admin" />

	<!-- Allo -->
	<item class="com.google.android.apps.fireball.ui.conversationlist.ConversationListActivity" name="allo" />

	<!-- Analytics -->
	<item class="com.google.android.apps.giant.activity.LauncherActivity" name="analytics" />

	<!-- Arts & Culture -->
	<item class="com.google.android.apps.cultural.activity.WebViewActivity" name="arts_&_culture" />

	<!-- Behance -->
	<item class="com.behance.network.ui.activities.MainActivity" name="behance" />

	<!-- Candy Crush Saga -->
	<item class="com.king.candycrushsaga.CandyCrushSagaActivity" name="candy_crush_saga" />

	<!-- Chrome Beta -->
	<item class="com.google.android.apps.chrome.Main" name="chrome_beta" />

	<!-- Chrome Dev -->
	<item class="com.google.android.apps.chrome.Main" name="chrome_dev" />

	<!-- Datally -->
	<item class="com.google.android.apps.nbu.freighter.splash.SplashActivity" name="datally" />

	<!-- Device Policy -->
	<item class="com.google.android.apps.enterprise.dmagent.DMAgentActivity" name="device_policy" />

	<!-- Duo -->
	<item class="com.google.android.apps.tachyon.MainActivity" name="duo" />

	<!-- Facebook -->
	<item class="com.facebook.katana.LoginActivity" name="facebook" />

	<!-- Files Go -->
	<item class="com.google.android.apps.nbu.files.home.HomeActivity" name="files_go" />

	<!-- Gmail -->
	<item class="com.google.android.gm.ConversationListActivityGmail" name="gmail" />

	<!-- Google -->
	<item class="com.google.android.googlequicksearchbox.SearchActivity" name="google" />

	<!-- Google Korean Input -->
	<item class="com.google.android.apps.inputmethod.libs.framework.core.LauncherActivity" name="google_korean_input" />

	<!-- Google Japanese Input -->
	<item class="com.google.android.apps.inputmethod.libs.framework.core.LauncherActivity" name="google_japanese_input" />

	<!-- Google Handwriting Input -->
	<item class="com.google.android.apps.handwriting.ime.WelcomeActivity" name="google_handwriting_input" />

	<!-- Google Trips -->
	<item class="com.google.android.apps.travel.onthego.activities.MainActivity" name="google_trips" />

	<!-- Home -->
	<item class="com.google.android.apps.chromecast.app.DiscoveryActivity" name="home" />

	<!-- Inbox -->
	<item class="com.google.android.apps.bigtop.activities.InitActivity" name="inbox" />

	<!-- Instagram -->
	<item class="com.instagram.android.activity.MainTabActivity" name="instagram" />

	<!-- Keep -->
	<item class="com.google.android.keep.activities.BrowseActivity" name="keep" />

	<!-- LINE -->
	<item class="jp.naver.line.android.activity.SplashActivity" name="line" />

	<!-- LinkedIn -->
	<item class="com.linkedin.android.authenticator.LaunchActivity" name="linkedin" />

	<!-- Messenger Lite -->
	<item class="com.facebook.mlite.coreui.view.MainActivity" name="messenger_lite" />

	<!-- PicsArt -->
	<item class="com.socialin.android.photo.picsinphoto.MainPagerActivity" name="picsart" />

	<!-- Pinterest -->
	<item class="com.pinterest.activity.PinterestActivity" name="pinterest" />

	<!-- Google Play Movies -->
	<item class="com.google.android.youtube.videos.EntryPoint" name="google_play_movies" />

	<!-- Google Play Games -->
	<item class="com.google.android.gms.games.ui.destination.main.MainActivity" name="google_play_games" />

	<!-- Skype -->
	<item class="com.skype.raider.Main" name="skype" />

	<!-- Snapchat -->
	<item class="com.snapchat.android.LandingPageActivity" name="snapchat" />

	<!-- Snapseed -->
	<item class="com.google.android.apps.snapseed.WelcomeScreenActivity" name="snapseed" />

	<!-- SoundCloud -->
	<item class="com.soundcloud.android.main.LauncherActivity" name="soundcloud" />

	<!-- Spotify -->
	<item class="com.spotify.music.MainActivity" name="spotify" />

	<!-- Subway Surf -->
	<item class="com.kiloo.unityutilities.UnityPluginActivity" name="subway_surf" />

	<!-- SwiftKey Keyboard -->
	<item class="com.touchtype.LauncherActivityIcon" name="swiftkey_keyboard" />

	<!-- Telegram -->
	<item class="org.telegram.ui.LaunchActivity" name="telegram" />

	<!-- Twitter -->
	<item class="com.twitter.android.StartActivity" name="twitter" />

	<!-- WhatsApp -->
	<item class="com.whatsapp.Main" name="whatsapp" />

	<!-- YT Kids -->
	<item class="com.google.android.apps.youtube.kids.activities.SplashScreenActivity" name="yt_kids" />

</appmap>