<Theme version="1">

	<!-- 500px -->
	<AppIcon name="com.fivehundredpx.viewer/com.fivehundredpx.viewer.main.RootActivity" image="500px" />

	<!-- Sheets -->
	<AppIcon name="com.google.android.apps.docs.editors.sheets/com.google.android.apps.docs.app.NewMainProxyActivity" image="sheets" />

	<!-- Earth -->
	<AppIcon name="com.google.earth/com.google.android.apps.earth.EarthActivity" image="earth" />

	<!-- Maps -->
	<AppIcon name="com.google.android.apps.maps/com.google.android.maps.MapsActivity" image="maps" />

	<!-- Google Cantonese Input -->
	<AppIcon name="com.google.android.apps.inputmethod.cantonese/com.google.android.apps.inputmethod.libs.framework.core.LauncherActivity" image="google_cantonese_input" />

	<!-- Google Zhuyin Input -->
	<AppIcon name="com.google.android.apps.inputmethod.zhuyin/com.google.android.apps.inputmethod.libs.framework.core.LauncherActivity" image="google_zhuyin_input" />

	<!-- Hangouts -->
	<AppIcon name="com.google.android.talk/com.google.android.talk.SigningInActivity" image="hangouts" />

	<!-- Slides -->
	<AppIcon name="com.google.android.apps.docs.editors.slides/com.google.android.apps.docs.app.NewMainProxyActivity" image="slides" />

	<!-- 即刻 -->
	<AppIcon name="com.ruguoapp.jike/com.ruguoapp.jike.business.main.ui.SplashActivity" image="即刻" />

	<!-- Street View -->
	<AppIcon name="com.google.android.street/com.google.android.apps.dragonfly.activities.main.MainActivity" image="street_view" />

	<!-- Classroom -->
	<AppIcon name="com.google.android.apps.classroom/com.google.android.apps.classroom.application.LauncherActivity" image="classroom" />

	<!-- Authenticator -->
	<AppIcon name="com.google.android.apps.authenticator2/com.google.android.apps.authenticator.AuthenticatorActivity" image="authenticator" />

	<!-- NetEase News -->
	<AppIcon name="com.netease.newsreader.activity/com.netease.nr.biz.ad.AdActivity" image="netease_news" />

	<!-- Docs -->
	<AppIcon name="com.google.android.apps.docs.editors.docs/com.google.android.apps.docs.app.NewMainProxyActivity" image="docs" />

	<!-- Camera360 -->
	<AppIcon name="vStudio.Android.Camera360/vStudio.Android.Camera360.activity.CameraActivity" image="camera360" />

	<!-- News & Weather -->
	<AppIcon name="com.google.android.apps.genie.geniewidget/com.google.android.apps.genie.geniewidget.activities.NewsActivity" image="news_&_weather" />

	<!-- Google -->
	<AppIcon name="com.google.android.googlequicksearchbox/com.google.android.googlequicksearchbox.VoiceSearchActivity" image="google" />

	<!-- Remote Desktop -->
	<AppIcon name="com.google.chromeremotedesktop/org.chromium.chromoting.Chromoting" image="remote_desktop" />

	<!-- Photos -->
	<AppIcon name="com.google.android.apps.photos/com.google.android.apps.photos.home.HomeActivity" image="photos" />

	<!-- PhotoScan -->
	<AppIcon name="com.google.android.apps.photos.scanner/com.google.android.apps.photos.scanner.home.HomeActivity" image="photoscan" />

	<!-- Assistant -->
	<AppIcon name="com.google.android.apps.googleassistant/com.google.android.apps.googleassistant.AssistantActivity" image="assistant" />

	<!-- 智友 -->
	<AppIcon name="com.zhiyoo/com.zhiyoo.ui.MainActivity" image="智友" />

	<!-- Droidddle -->
	<AppIcon name="org.goodev.droidddle/org.goodev.droidddle.MainActivity" image="droidddle" />

	<!-- Admin -->
	<AppIcon name="com.google.android.apps.enterprise.cpanel/com.google.android.apps.enterprise.cpanel.activities.EntryPointActivity" image="admin" />

	<!-- Allo -->
	<AppIcon name="com.google.android.apps.fireball/com.google.android.apps.fireball.ui.conversationlist.ConversationListActivity" image="allo" />

	<!-- Analytics -->
	<AppIcon name="com.google.android.apps.giant/com.google.android.apps.giant.activity.LauncherActivity" image="analytics" />

	<!-- Arts & Culture -->
	<AppIcon name="com.google.android.apps.cultural/com.google.android.apps.cultural.activity.WebViewActivity" image="arts_&_culture" />

	<!-- Behance -->
	<AppIcon name="com.behance.behance/com.behance.network.ui.activities.MainActivity" image="behance" />

	<!-- Candy Crush Saga -->
	<AppIcon name="com.king.candycrushsaga/com.king.candycrushsaga.CandyCrushSagaActivity" image="candy_crush_saga" />

	<!-- Chrome Beta -->
	<AppIcon name="com.chrome.beta/com.google.android.apps.chrome.Main" image="chrome_beta" />

	<!-- Chrome Dev -->
	<AppIcon name="com.chrome.dev/com.google.android.apps.chrome.Main" image="chrome_dev" />

	<!-- Datally -->
	<AppIcon name="com.google.android.apps.freighter/com.google.android.apps.nbu.freighter.splash.SplashActivity" image="datally" />

	<!-- Device Policy -->
	<AppIcon name="com.google.android.apps.enterprise.dmagent/com.google.android.apps.enterprise.dmagent.DMAgentActivity" image="device_policy" />

	<!-- Duo -->
	<AppIcon name="com.google.android.apps.tachyon/com.google.android.apps.tachyon.MainActivity" image="duo" />

	<!-- Facebook -->
	<AppIcon name="com.facebook.katana/com.facebook.katana.LoginActivity" image="facebook" />

	<!-- Files Go -->
	<AppIcon name="com.google.android.apps.nbu.files/com.google.android.apps.nbu.files.home.HomeActivity" image="files_go" />

	<!-- Gmail -->
	<AppIcon name="com.google.android.gm/com.google.android.gm.ConversationListActivityGmail" image="gmail" />

	<!-- Google -->
	<AppIcon name="com.google.android.googlequicksearchbox/com.google.android.googlequicksearchbox.SearchActivity" image="google" />

	<!-- Google Korean Input -->
	<AppIcon name="com.google.android.inputmethod.korean/com.google.android.apps.inputmethod.libs.framework.core.LauncherActivity" image="google_korean_input" />

	<!-- Google Japanese Input -->
	<AppIcon name="com.google.android.inputmethod.japanese/com.google.android.apps.inputmethod.libs.framework.core.LauncherActivity" image="google_japanese_input" />

	<!-- Google Handwriting Input -->
	<AppIcon name="com.google.android.apps.handwriting.ime/com.google.android.apps.handwriting.ime.WelcomeActivity" image="google_handwriting_input" />

	<!-- Google Trips -->
	<AppIcon name="com.google.android.apps.travel.onthego/com.google.android.apps.travel.onthego.activities.MainActivity" image="google_trips" />

	<!-- Home -->
	<AppIcon name="com.google.android.apps.chromecast.app/com.google.android.apps.chromecast.app.DiscoveryActivity" image="home" />

	<!-- Inbox -->
	<AppIcon name="com.google.android.apps.inbox/com.google.android.apps.bigtop.activities.InitActivity" image="inbox" />

	<!-- Instagram -->
	<AppIcon name="com.instagram.android/com.instagram.android.activity.MainTabActivity" image="instagram" />

	<!-- Keep -->
	<AppIcon name="com.google.android.keep/com.google.android.keep.activities.BrowseActivity" image="keep" />

	<!-- LINE -->
	<AppIcon name="jp.naver.line.android/jp.naver.line.android.activity.SplashActivity" image="line" />

	<!-- LinkedIn -->
	<AppIcon name="com.linkedin.android/com.linkedin.android.authenticator.LaunchActivity" image="linkedin" />

	<!-- Messenger Lite -->
	<AppIcon name="com.facebook.mlite/com.facebook.mlite.coreui.view.MainActivity" image="messenger_lite" />

	<!-- PicsArt -->
	<AppIcon name="com.picsart.studio/com.socialin.android.photo.picsinphoto.MainPagerActivity" image="picsart" />

	<!-- Pinterest -->
	<AppIcon name="com.pinterest/com.pinterest.activity.PinterestActivity" image="pinterest" />

	<!-- Google Play Movies -->
	<AppIcon name="com.google.android.videos/com.google.android.youtube.videos.EntryPoint" image="google_play_movies" />

	<!-- Google Play Games -->
	<AppIcon name="com.google.android.play.games/com.google.android.gms.games.ui.destination.main.MainActivity" image="google_play_games" />

	<!-- Skype -->
	<AppIcon name="com.skype.raider/com.skype.raider.Main" image="skype" />

	<!-- Snapchat -->
	<AppIcon name="com.snapchat.android/com.snapchat.android.LandingPageActivity" image="snapchat" />

	<!-- Snapseed -->
	<AppIcon name="com.niksoftware.snapseed/com.google.android.apps.snapseed.WelcomeScreenActivity" image="snapseed" />

	<!-- SoundCloud -->
	<AppIcon name="com.soundcloud.android/com.soundcloud.android.main.LauncherActivity" image="soundcloud" />

	<!-- Spotify -->
	<AppIcon name="com.spotify.music/com.spotify.music.MainActivity" image="spotify" />

	<!-- Subway Surf -->
	<AppIcon name="com.kiloo.subwaysurf/com.kiloo.unityutilities.UnityPluginActivity" image="subway_surf" />

	<!-- SwiftKey Keyboard -->
	<AppIcon name="com.touchtype.swiftkey/com.touchtype.LauncherActivityIcon" image="swiftkey_keyboard" />

	<!-- Telegram -->
	<AppIcon name="org.telegram.messenger/org.telegram.ui.LaunchActivity" image="telegram" />

	<!-- Twitter -->
	<AppIcon name="com.twitter.android/com.twitter.android.StartActivity" image="twitter" />

	<!-- WhatsApp -->
	<AppIcon name="com.whatsapp/com.whatsapp.Main" image="whatsapp" />

	<!-- YT Kids -->
	<AppIcon name="com.google.android.apps.youtube.kids/com.google.android.apps.youtube.kids.activities.SplashScreenActivity" image="yt_kids" />

</Theme>