<resources>

	<!-- 360手机助手 -->
	<item component="ComponentInfo{com.qihoo.appstore/com.qihoo.appstore.home.LauncherActivity}" drawable="360手机助手" />

	<!--  淘宝手机助手 -->
	<item component="ComponentInfo{com.taobao.appcenter/com.pp.assistant.activity.PPMainActivity}" drawable=" 淘宝手机助手" />

	<!--  PP助手 -->
	<item component="ComponentInfo{com.pp.assistant/com.pp.assistant.activity.MainActivity}" drawable=" pp助手" />

	<!-- 安全市场 -->
	<item component="ComponentInfo{com.qihoo.secstore/com.qihoo.appstore.activities.LauncherActivity}" drawable="安全市场" />

	<!-- 安智市场 -->
	<item component="ComponentInfo{cn.goapk.market/cn.goapk.market.GoApkLoginAndRegister}" drawable="安智市场" />

	<!-- 安卓商城 -->
	<item component="ComponentInfo{com.zmapp/com.zmapp.activity.StartAppActivity}" drawable="安卓商城" />

	<!-- 百度手机助手 -->
	<item component="ComponentInfo{com.baidu.appsearch/com.baidu.appsearch.SplashActivity}" drawable="百度手机助手" />

	<!-- 安卓市场 -->
	<item component="ComponentInfo{com.hiapk.marketpho/com.baidu.appsearch.LauncherActivity}" drawable="安卓市场" />

	<!-- 机锋市场 -->
	<item component="ComponentInfo{com.mappn.gfan/com.gfan.gm3.home.HomeActivity}" drawable="机锋市场" />

	<!-- 历趣市场 -->
	<item component="ComponentInfo{com.liqucn.android/com.qihoo.util.StartActivity}" drawable="历趣市场" />

	<!-- 冒泡市场 -->
	<item component="ComponentInfo{com.skymobi.appstore/com.skymobi.appstore.activity.LogoActivity}" drawable="冒泡市场" />

	<!-- 木蚂蚁市场 -->
	<item component="ComponentInfo{com.mumayi.market.ui/com.mumayi.market.ui.SplashActivity}" drawable="木蚂蚁市场" />

	<!-- PengYou -->
	<item component="ComponentInfo{com.cyou.mrd.pengyou/com.cyou.mrd.pengyou.ui.LaunchActivity}" drawable="pengyou" />

	<!-- Download -->
	<item component="ComponentInfo{com.gionee.aora.market/com.gionee.aora.market.GoApkLoginAndRegister}" drawable="download" />

	<!-- 手机助手 -->
	<item component="ComponentInfo{com.market2345/com.market2345.ui.navigation.NavigationActivity}" drawable="手机助手" />

	<!-- 搜狗手机助手 -->
	<item component="ComponentInfo{com.sogou.androidtool/com.sogou.androidtool.SplashActivity}" drawable="搜狗手机助手" />

	<!-- 搜狐应用中心 -->
	<item component="ComponentInfo{com.sohu.store/com.sohu.store.ui.WelcomeActivity}" drawable="搜狐应用中心" />

	<!-- 天翼空间 -->
	<item component="ComponentInfo{com.eshore.ezone/com.eshore.ezone.StartActivity}" drawable="天翼空间" />

	<!-- Tongbu Tui -->
	<item component="ComponentInfo{com.tongbu.tui/com.sand.android.pc.ui.market.splash.SplashActivity_}" drawable="tongbu_tui" />

	<!-- 豌豆荚 -->
	<item component="ComponentInfo{com.wandoujia.phoenix2/com.pp.assistant.activity.PPMainActivity}" drawable="豌豆荚" />

	<!-- 沃商店 -->
	<item component="ComponentInfo{com.infinit.wostore.ui/com.infinit.woflow.ui.main.activity.SplashActivity}" drawable="沃商店" />

	<!-- 应用宝 -->
	<item component="ComponentInfo{com.tencent.android.qqdownloader/com.tencent.pangu.link.SplashActivityAlias0}" drawable="应用宝" />

	<!-- 应用超市 -->
	<item component="ComponentInfo{com.android.appmarket/com.android.appmarket.activity.WelcomeActivity}" drawable="应用超市" />

	<!-- CoolMart -->
	<item component="ComponentInfo{com.yulong.android.coolmart/com.yulong.android.coolmart.ActivitySplash}" drawable="coolmart" />

	<!-- ZTE Market -->
	<item component="ComponentInfo{zte.com.market/zte.com.market.LoginActivity}" drawable="zte_market" />

	<!-- 应用市场 -->
	<item component="ComponentInfo{cn.lt.appstore/cn.lt.android.main.LoadingActivity}" drawable="应用市场" />

	<!-- 优乐商店 -->
	<item component="ComponentInfo{com.ule678.market/com.ule678.market.activity.WelcomeActivity}" drawable="优乐商店" />

	<!-- 优亿市场 -->
	<item component="ComponentInfo{com.eoemobile.netmarket/com.eoemobile.netmarket.SplashActivity}" drawable="优亿市场" />

	<!-- Droi Market -->
	<item component="ComponentInfo{com.zhuoyi.market/com.zhuoyi.market.Splash}" drawable="droi_market" />

	<!-- AppSales -->
	<item component="ComponentInfo{net.tsapps.appsales/net.tsapps.appsales.MainActivity}" drawable="appsales" />

	<!-- Cool Market -->
	<item component="ComponentInfo{com.coolapk.market/com.coolapk.market.activity.MainActivity}" drawable="cool_market" />

	<!-- iLA市场 -->
	<item component="ComponentInfo{com.xiaolajiao.appstore/com.xiaolajiao.appstore.client.main.GuideActivity}" drawable="ila市场" />

	<!-- Market Helper -->
	<item component="ComponentInfo{com.redphx.markethelper/com.redphx.markethelper.MainActivity}" drawable="market_helper" />

	<!-- Mobile
Market -->
	<item component="ComponentInfo{com.aspire.mm/com.aspire.mm.app.HotSaleActivity}" drawable="mobile
market" />

	<!-- N多市场 -->
	<item component="ComponentInfo{com.nduoa.nmarket/com.foresight.android.moboplay.main.MainActivity}" drawable="n多市场" />

</resources>