<appmap>

	<!-- 360手机助手 -->
	<item class="com.qihoo.appstore.home.LauncherActivity" name="360手机助手" />

	<!--  淘宝手机助手 -->
	<item class="com.pp.assistant.activity.PPMainActivity" name=" 淘宝手机助手" />

	<!--  PP助手 -->
	<item class="com.pp.assistant.activity.MainActivity" name=" pp助手" />

	<!-- 安全市场 -->
	<item class="com.qihoo.appstore.activities.LauncherActivity" name="安全市场" />

	<!-- 安智市场 -->
	<item class="cn.goapk.market.GoApkLoginAndRegister" name="安智市场" />

	<!-- 安卓商城 -->
	<item class="com.zmapp.activity.StartAppActivity" name="安卓商城" />

	<!-- 安卓市场 -->
	<item class="com.baidu.appsearch.LauncherActivity" name="安卓市场" />

	<!-- 百度手机助手 -->
	<item class="com.baidu.appsearch.SplashActivity" name="百度手机助手" />

	<!-- 机锋市场 -->
	<item class="com.gfan.gm3.home.HomeActivity" name="机锋市场" />

	<!-- 历趣市场 -->
	<item class="com.qihoo.util.StartActivity" name="历趣市场" />

	<!-- 冒泡市场 -->
	<item class="com.skymobi.appstore.activity.LogoActivity" name="冒泡市场" />

	<!-- 木蚂蚁市场 -->
	<item class="com.mumayi.market.ui.SplashActivity" name="木蚂蚁市场" />

	<!-- PengYou -->
	<item class="com.cyou.mrd.pengyou.ui.LaunchActivity" name="pengyou" />

	<!-- Download -->
	<item class="com.gionee.aora.market.GoApkLoginAndRegister" name="download" />

	<!-- 手机助手 -->
	<item class="com.market2345.ui.navigation.NavigationActivity" name="手机助手" />

	<!-- 搜狗手机助手 -->
	<item class="com.sogou.androidtool.SplashActivity" name="搜狗手机助手" />

	<!-- 搜狐应用中心 -->
	<item class="com.sohu.store.ui.WelcomeActivity" name="搜狐应用中心" />

	<!-- 天翼空间 -->
	<item class="com.eshore.ezone.StartActivity" name="天翼空间" />

	<!-- Tongbu Tui -->
	<item class="com.sand.android.pc.ui.market.splash.SplashActivity_" name="tongbu_tui" />

	<!-- 豌豆荚 -->
	<item class="com.pp.assistant.activity.PPMainActivity" name="豌豆荚" />

	<!-- 沃商店 -->
	<item class="com.infinit.woflow.ui.main.activity.SplashActivity" name="沃商店" />

	<!-- 应用宝 -->
	<item class="com.tencent.pangu.link.SplashActivityAlias0" name="应用宝" />

	<!-- 应用超市 -->
	<item class="com.android.appmarket.activity.WelcomeActivity" name="应用超市" />

	<!-- CoolMart -->
	<item class="com.yulong.android.coolmart.ActivitySplash" name="coolmart" />

	<!-- ZTE Market -->
	<item class="zte.com.market.LoginActivity" name="zte_market" />

	<!-- 应用市场 -->
	<item class="cn.lt.android.main.LoadingActivity" name="应用市场" />

	<!-- 优乐商店 -->
	<item class="com.ule678.market.activity.WelcomeActivity" name="优乐商店" />

	<!-- 优亿市场 -->
	<item class="com.eoemobile.netmarket.SplashActivity" name="优亿市场" />

	<!-- Droi Market -->
	<item class="com.zhuoyi.market.Splash" name="droi_market" />

	<!-- AppSales -->
	<item class="net.tsapps.appsales.MainActivity" name="appsales" />

	<!-- Cool Market -->
	<item class="com.coolapk.market.activity.MainActivity" name="cool_market" />

	<!-- iLA市场 -->
	<item class="com.xiaolajiao.appstore.client.main.GuideActivity" name="ila市场" />

	<!-- Market Helper -->
	<item class="com.redphx.markethelper.MainActivity" name="market_helper" />

	<!-- Mobile
Market -->
	<item class="com.aspire.mm.app.HotSaleActivity" name="mobile
market" />

	<!-- N多市场 -->
	<item class="com.foresight.android.moboplay.main.MainActivity" name="n多市场" />

</appmap>