<Theme version="1">

	<!-- 360手机助手 -->
	<AppIcon name="com.qihoo.appstore/com.qihoo.appstore.home.LauncherActivity" image="360手机助手" />

	<!--  淘宝手机助手 -->
	<AppIcon name="com.taobao.appcenter/com.pp.assistant.activity.PPMainActivity" image=" 淘宝手机助手" />

	<!--  PP助手 -->
	<AppIcon name="com.pp.assistant/com.pp.assistant.activity.MainActivity" image=" pp助手" />

	<!-- 安全市场 -->
	<AppIcon name="com.qihoo.secstore/com.qihoo.appstore.activities.LauncherActivity" image="安全市场" />

	<!-- 安智市场 -->
	<AppIcon name="cn.goapk.market/cn.goapk.market.GoApkLoginAndRegister" image="安智市场" />

	<!-- 安卓商城 -->
	<AppIcon name="com.zmapp/com.zmapp.activity.StartAppActivity" image="安卓商城" />

	<!-- 安卓市场 -->
	<AppIcon name="com.hiapk.marketpho/com.baidu.appsearch.LauncherActivity" image="安卓市场" />

	<!-- 百度手机助手 -->
	<AppIcon name="com.baidu.appsearch/com.baidu.appsearch.SplashActivity" image="百度手机助手" />

	<!-- 机锋市场 -->
	<AppIcon name="com.mappn.gfan/com.gfan.gm3.home.HomeActivity" image="机锋市场" />

	<!-- 历趣市场 -->
	<AppIcon name="com.liqucn.android/com.qihoo.util.StartActivity" image="历趣市场" />

	<!-- 冒泡市场 -->
	<AppIcon name="com.skymobi.appstore/com.skymobi.appstore.activity.LogoActivity" image="冒泡市场" />

	<!-- 木蚂蚁市场 -->
	<AppIcon name="com.mumayi.market.ui/com.mumayi.market.ui.SplashActivity" image="木蚂蚁市场" />

	<!-- PengYou -->
	<AppIcon name="com.cyou.mrd.pengyou/com.cyou.mrd.pengyou.ui.LaunchActivity" image="pengyou" />

	<!-- Download -->
	<AppIcon name="com.gionee.aora.market/com.gionee.aora.market.GoApkLoginAndRegister" image="download" />

	<!-- 手机助手 -->
	<AppIcon name="com.market2345/com.market2345.ui.navigation.NavigationActivity" image="手机助手" />

	<!-- 搜狗手机助手 -->
	<AppIcon name="com.sogou.androidtool/com.sogou.androidtool.SplashActivity" image="搜狗手机助手" />

	<!-- 搜狐应用中心 -->
	<AppIcon name="com.sohu.store/com.sohu.store.ui.WelcomeActivity" image="搜狐应用中心" />

	<!-- 天翼空间 -->
	<AppIcon name="com.eshore.ezone/com.eshore.ezone.StartActivity" image="天翼空间" />

	<!-- Tongbu Tui -->
	<AppIcon name="com.tongbu.tui/com.sand.android.pc.ui.market.splash.SplashActivity_" image="tongbu_tui" />

	<!-- 豌豆荚 -->
	<AppIcon name="com.wandoujia.phoenix2/com.pp.assistant.activity.PPMainActivity" image="豌豆荚" />

	<!-- 沃商店 -->
	<AppIcon name="com.infinit.wostore.ui/com.infinit.woflow.ui.main.activity.SplashActivity" image="沃商店" />

	<!-- 应用宝 -->
	<AppIcon name="com.tencent.android.qqdownloader/com.tencent.pangu.link.SplashActivityAlias0" image="应用宝" />

	<!-- 应用超市 -->
	<AppIcon name="com.android.appmarket/com.android.appmarket.activity.WelcomeActivity" image="应用超市" />

	<!-- CoolMart -->
	<AppIcon name="com.yulong.android.coolmart/com.yulong.android.coolmart.ActivitySplash" image="coolmart" />

	<!-- ZTE Market -->
	<AppIcon name="zte.com.market/zte.com.market.LoginActivity" image="zte_market" />

	<!-- 应用市场 -->
	<AppIcon name="cn.lt.appstore/cn.lt.android.main.LoadingActivity" image="应用市场" />

	<!-- 优乐商店 -->
	<AppIcon name="com.ule678.market/com.ule678.market.activity.WelcomeActivity" image="优乐商店" />

	<!-- 优亿市场 -->
	<AppIcon name="com.eoemobile.netmarket/com.eoemobile.netmarket.SplashActivity" image="优亿市场" />

	<!-- Droi Market -->
	<AppIcon name="com.zhuoyi.market/com.zhuoyi.market.Splash" image="droi_market" />

	<!-- AppSales -->
	<AppIcon name="net.tsapps.appsales/net.tsapps.appsales.MainActivity" image="appsales" />

	<!-- Cool Market -->
	<AppIcon name="com.coolapk.market/com.coolapk.market.activity.MainActivity" image="cool_market" />

	<!-- iLA市场 -->
	<AppIcon name="com.xiaolajiao.appstore/com.xiaolajiao.appstore.client.main.GuideActivity" image="ila市场" />

	<!-- Market Helper -->
	<AppIcon name="com.redphx.markethelper/com.redphx.markethelper.MainActivity" image="market_helper" />

	<!-- Mobile
Market -->
	<AppIcon name="com.aspire.mm/com.aspire.mm.app.HotSaleActivity" image="mobile
market" />

	<!-- N多市场 -->
	<AppIcon name="com.nduoa.nmarket/com.foresight.android.moboplay.main.MainActivity" image="n多市场" />

</Theme>