<resources>

	<!-- · Light · -->
	<item component="ComponentInfo{com.netease.light/com.netease.light.ui.LauncherActivity}" drawable="· light ·" />

	<!-- 爱玩 -->
	<item component="ComponentInfo{com.netease.iplay/com.netease.iplay.StartActivity}" drawable="爱玩" />

	<!-- 爱屋吉屋 -->
	<item component="ComponentInfo{com.manyi.lovehouse/com.manyi.lovehouse.ui.WelcomeActivity}" drawable="爱屋吉屋" />

	<!-- APK Checker -->
	<item component="ComponentInfo{com.by_syk.apkchecker/com.by_syk.apkchecker.HelloActivity}" drawable="apk_checker" />

	<!-- MovieBase -->
	<item component="ComponentInfo{com.lfst.qiyu/com.lfst.qiyu.ui.activity.WelcomeActivity}" drawable="moviebase" />

	<!-- 并读新闻 -->
	<item component="ComponentInfo{com.nhzw.bingdu/com.nhzw.bingdu.activity.SplashActivity}" drawable="并读新闻" />

	<!-- 不可能的世界 -->
	<item component="ComponentInfo{com.kana.reader/com.kana.reader.module.SplashActivity}" drawable="不可能的世界" />

	<!-- 财经杂志 -->
	<item component="ComponentInfo{com.caijing/com.caijing.activity.WelcomeActivity}" drawable="财经杂志" />

	<!-- Caixin -->
	<item component="ComponentInfo{com.caing.news/com.caing.news.activity.LoadingActivity}" drawable="caixin" />

	<!-- 藏书馆 -->
	<item component="ComponentInfo{com.cliff/com.cliff.model.global.view.SplashAct}" drawable="藏书馆" />

	<!-- 产品经理 -->
	<item component="ComponentInfo{com.woshipm.news/com.woshipm.news.ui.LoadingActivity}" drawable="产品经理" />

	<!-- 超星阅读 -->
	<item component="ComponentInfo{com.chaoxing/com.chaoxing.widget.SplashActivity}" drawable="超星阅读" />

	<!-- 成语词典2017 -->
	<item component="ComponentInfo{com.kk.dict.chengyu/com.kk.dict.activity.SplashActivity}" drawable="成语词典2017" />

	<!-- 传阅头条 -->
	<item component="ComponentInfo{com.gao7.android.weixin/com.gao7.android.weixin.ui.act.LoadingActivity}" drawable="传阅头条" />

	<!-- 创意设计 -->
	<item component="ComponentInfo{com.yidian.design/com.yidian.news.ui.guide.UserGuideActivity}" drawable="创意设计" />

	<!-- 纯新闻 -->
	<item component="ComponentInfo{my.hhx.com.chunnews/my.hhx.com.chunnews.activity.MainActivity}" drawable="纯新闻" />

	<!-- 大家中医 -->
	<item component="ComponentInfo{com.dajiazhongyi.dajia/com.dajiazhongyi.dajia.dj.ui.launch.DaJiaLauncher}" drawable="大家中医" />

	<!-- 大角虫漫画 -->
	<item component="ComponentInfo{cn.kidstone.cartoon/cn.kidstone.cartoon.StartApp}" drawable="大角虫漫画" />

	<!-- 单读 -->
	<item component="ComponentInfo{com.onewaystreet.weread/com.onewaystreet.weread.activity.HomePageActivity}" drawable="单读" />

	<!-- 咚漫 -->
	<item component="ComponentInfo{com.naver.linewebtoon.cn/com.naver.linewebtoon.splash.SplashActivity}" drawable="咚漫" />

	<!-- 毒舌电影 -->
	<item component="ComponentInfo{com.dushe.movie/com.dushe.movie.ui.login.SplashActivity}" drawable="毒舌电影" />

	<!-- 古风诗歌产生器 -->
	<item component="ComponentInfo{moe.guo.poem/moe.guo.poem.MainActivity}" drawable="古风诗歌产生器" />

	<!-- 古诗文 -->
	<item component="ComponentInfo{app.errang.com.poems/app.errang.com.poems.main.activity.SplashActivity}" drawable="古诗文" />

	<!-- 观察者 -->
	<item component="ComponentInfo{cn.guancha.app/cn.guancha.app.activity.WelcomeActivity}" drawable="观察者" />

	<!-- 观止 -->
	<item component="ComponentInfo{com.meiriyiwen.app/com.stub.plugin.Stub01}" drawable="观止" />

	<!-- 国漫 -->
	<item component="ComponentInfo{com.qingman.comic/com.qingman.comic.ui.SplashUi}" drawable="国漫" />

	<!-- 汉语词典 -->
	<item component="ComponentInfo{com.kk.dict.cidian/com.kk.dict.activity.SplashActivity}" drawable="汉语词典" />

	<!-- 黑岩阅读 -->
	<item component="ComponentInfo{com.heiyan.reader/com.heiyan.reader.activity.WelcomeActivity}" drawable="黑岩阅读" />

	<!-- 厚墨 -->
	<item component="ComponentInfo{io.simi.homo/io.simi.homo.activity.HomeActivity}" drawable="厚墨" />

	<!-- 葫芦时刻 -->
	<item component="ComponentInfo{com.qikan.dy.lydingyue/com.qikan.hulu.splash.ui.SplashActivity}" drawable="葫芦时刻" />

	<!-- 画江湖 -->
	<item component="ComponentInfo{com.ruosen.huajianghu/com.ruosen.huajianghu.ui.commonactivity.WelcomeActivity}" drawable="画江湖" />

	<!-- 简图 -->
	<item component="ComponentInfo{io.egg.jiantu/io.egg.jiantu.modules.editor.EditorActivity}" drawable="简图" />

	<!-- 剑灵掌游宝 -->
	<item component="ComponentInfo{com.anzogame.jl/com.anzogame.jl.activity.AppFlashActivity}" drawable="剑灵掌游宝" />

	<!-- 橘子娱乐 -->
	<item component="ComponentInfo{com.happyjuzi.apps.juzi/com.happyjuzi.apps.juzi.SplashActivity}" drawable="橘子娱乐" />

	<!-- 句子迷 -->
	<item component="ComponentInfo{com.example.juzimi/com.example.juzimi.MainActivity}" drawable="句子迷" />

	<!-- 军事头条 -->
	<item component="ComponentInfo{com.tiexue.mobile.topnews/com.tiexue.mobile.topnews.ui.activity.StartLogoActivity}" drawable="军事头条" />

	<!-- 凯迪 -->
	<item component="ComponentInfo{net.kdnet.club/net.kdnet.club.activity.BootActivity}" drawable="凯迪" />

	<!-- 可米酷漫画 -->
	<item component="ComponentInfo{com.icomico.comi/com.icomico.comi.activity.MainActivity}" drawable="可米酷漫画" />

	<!-- 酷安电视剧 小说版 -->
	<item component="ComponentInfo{com.k99k5.coolapknovel/com.k99k5.coolapknovel.MainActivity}" drawable="酷安电视剧_小说版" />

	<!-- 快科技 -->
	<item component="ComponentInfo{com.kkeji.news.client/com.kkeji.news.client.ui.ActivityStartLogo}" drawable="快科技" />

	<!-- 码云 -->
	<item component="ComponentInfo{net.oschina.gitapp/net.oschina.gitapp.WelcomePage}" drawable="码云" />

	<!-- 漫画台 -->
	<item component="ComponentInfo{com.comic.manhuatai/com.wbxm.icartoon.ui.CoverActivity}" drawable="漫画台" />

	<!-- 漫漫漫画 -->
	<item component="ComponentInfo{com.itcode.reader/com.itcode.reader.activity.SplashActivity}" drawable="漫漫漫画" />

	<!-- 猫团动漫 -->
	<item component="ComponentInfo{com.haomee.kandongman/com.haomee.kandongman.WelcomeActivity}" drawable="猫团动漫" />

	<!-- 模拟炒股 -->
	<item component="ComponentInfo{com.winner.simulatetrade/com.winner.other.SplashActivity}" drawable="模拟炒股" />

	<!-- 魔屏漫画 -->
	<item component="ComponentInfo{com.MoScreen/com.mgl.activity.MSSkipActivity}" drawable="魔屏漫画" />

	<!-- 内涵福利社 -->
	<item component="ComponentInfo{com.lunchsoft.weibofun/com.lunchsoft.weibofun.ui.support.SplashScreenActivity}" drawable="内涵福利社" />

	<!-- 内涵漫画 -->
	<item component="ComponentInfo{com.ss.android.gallery.comic/com.ss.android.gallery.comic.activity.SplashActivity}" drawable="内涵漫画" />

	<!-- 喷嚏阅读 -->
	<item component="ComponentInfo{com.seventc.sneeze/com.seventc.sneeze.WelcomeActivity}" drawable="喷嚏阅读" />

	<!-- 汽车之家论坛 -->
	<item component="ComponentInfo{com.autohome.autoclub/com.autohome.autoclub.LogoActivity}" drawable="汽车之家论坛" />

	<!-- 汽车之家HD -->
	<item component="ComponentInfo{com.autohome.mainhd/com.autohome.mainhd.LaunchActivity}" drawable="汽车之家hd" />

	<!-- 轻读 -->
	<item component="ComponentInfo{cn.xiaochuankeji.wread/cn.xiaochuankeji.wread.ui.ActivitySplash}" drawable="轻读" />

	<!-- Samsung Reader -->
	<item component="ComponentInfo{com.mci.smagazine/com.chaozh.iReader.ui.activity.WelcomeActivity}" drawable="samsung_reader" />

	<!-- 深夜毒物 -->
	<item component="ComponentInfo{com.happyjuzi.apps.nightpoison/com.happyjuzi.apps.nightpoison.biz.splash.SplashActivity}" drawable="深夜毒物" />

	<!-- 诗词中国 -->
	<item component="ComponentInfo{com.founder.poetry/com.founder.poetry.activities.SplashActivity}" drawable="诗词中国" />

	<!-- 食物库 -->
	<item component="ComponentInfo{com.boohee.food/com.boohee.food.WelcomeActivity}" drawable="食物库" />

	<!-- 书云 -->
	<item component="ComponentInfo{com.sjtu.chenzhongpu.cloudbooks/com.sjtu.chenzhongpu.cloudbooks.SplashActivity}" drawable="书云" />

	<!-- 数读 -->
	<item component="ComponentInfo{com.ifanr.android/com.ifanr.android.view.activity.SplashActivity}" drawable="数读" />

	<!-- 肆客足球 -->
	<item component="ComponentInfo{cool.score.android/cool.score.android.ui.guide.WelcomeActivity}" drawable="肆客足球" />

	<!-- Sogou Search -->
	<item component="ComponentInfo{com.sogou.activity.src/com.sogou.activity.src.SplashActivity}" drawable="sogou_search" />

	<!-- 随身书包 -->
	<item component="ComponentInfo{tools.yiclear.com.book/tools.yiclear.com.book.splashActivity}" drawable="随身书包" />

	<!-- 豌豆荚应用盒子 -->
	<item component="ComponentInfo{com.wandoujia.launcher_lite/com.wandoujia.launcher_lite.activity.DispatchActivity}" drawable="豌豆荚应用盒子" />

	<!-- 完美志愿 -->
	<item component="ComponentInfo{com.gaokaozhiyuan/com.gaokaozhiyuan.module.splash.SplashActivity}" drawable="完美志愿" />

	<!-- 玩科技 -->
	<item component="ComponentInfo{wan.ke.ji/wan.ke.ji.wel.WelComeActivity}" drawable="玩科技" />

	<!-- 网兜免费小说 -->
	<item component="ComponentInfo{com.sina.book/com.sina.book.ui.activity.splash.SplashActivity}" drawable="网兜免费小说" />

	<!-- 微在趣闻社 -->
	<item component="ComponentInfo{com.owspace.wezeit/com.owspace.wezeit.activity.welcome.WelcomeActivity}" drawable="微在趣闻社" />

	<!-- 文言文 -->
	<item component="ComponentInfo{com.kk.poem.wyw/com.kk.poem.activity.SplashActivity}" drawable="文言文" />

	<!-- 乌云安全中心 -->
	<item component="ComponentInfo{com.wooyun.security/com.wooyun.security.activity.SplashActivity}" drawable="乌云安全中心" />

	<!-- 无觅阅读 -->
	<item component="ComponentInfo{com.wumii.android/com.wumii.android.controller.activity.MainActivity}" drawable="无觅阅读" />

	<!-- 唔哩头条 -->
	<item component="ComponentInfo{com.caishi.cronus/com.caishi.cronus.ui.splash.WelcomeActivity}" drawable="唔哩头条" />

	<!-- 犀牛故事 -->
	<item component="ComponentInfo{com.rhinocerosstory/com.rhinocerosstory.main.ui.Welcome}" drawable="犀牛故事" />

	<!-- 鲜果读书 -->
	<item component="ComponentInfo{com.xianguo.book/com.xianguo.book.activity.LaunchActivity}" drawable="鲜果读书" />

	<!-- 小说下载器 -->
	<item component="ComponentInfo{cn.uujian.bookdownloader/cn.uujian.bookdownloader.MainActivity}" drawable="小说下载器" />

	<!-- 小鱼天气 -->
	<item component="ComponentInfo{cn.microsoft.cig.uair/cn.microsoft.cig.uair.activity.LaunchActivity}" drawable="小鱼天气" />

	<!-- 笑神来了 -->
	<item component="ComponentInfo{com.zuobao.xiaobao/com.zuobao.xiaobao.WelcomeActivity}" drawable="笑神来了" />

	<!-- News Reader -->
	<item component="ComponentInfo{com.apdnews/com.apdnews.activity.MainFragmentActivity}" drawable="news_reader" />

	<!-- 言士创作 -->
	<item component="ComponentInfo{com.yanshi.writing/com.yanshi.writing.ui.SplashActivity}" drawable="言士创作" />

	<!-- 一分钟简讯 -->
	<item component="ComponentInfo{com.tec.thinker.sm/com.qihoo.util.StartActivity}" drawable="一分钟简讯" />

	<!-- 一览 -->
	<item component="ComponentInfo{com.hl.matrix/com.hl.matrix.ui.activities.WelcomeActivity}" drawable="一览" />

	<!-- 一生必读的历史书 -->
	<item component="ComponentInfo{com.ireadercity.b4/com.ireadercity.activity.GuideActivity}" drawable="一生必读的历史书" />

	<!-- 壹心理 -->
	<item component="ComponentInfo{com.xinli.yixinli/com.xinli.yixinli.activity.LauncherActivity}" drawable="壹心理" />

	<!-- 意林 -->
	<item component="ComponentInfo{com.palmtrends.yl/com.palmtrends.yl.ui.InitActivity}" drawable="意林" />

	<!-- 阅读 -->
	<item component="ComponentInfo{com.gedoor.monkeybook/com.monke.monkeybook.view.activity.WelcomeActivity}" drawable="阅读" />

	<!-- 阅读星 -->
	<item component="ComponentInfo{com.person.reader/com.iBookStar.activityComm.Splash}" drawable="阅读星" />

	<!-- 阅读星HD -->
	<item component="ComponentInfo{com.iBookStar.activityHd/com.iBookStar.activityComm.Splash}" drawable="阅读星hd" />

	<!-- 凿音 -->
	<item component="ComponentInfo{com.laoxinwen.app/activity.StartupActivity}" drawable="凿音" />

	<!-- 站酷 -->
	<item component="ComponentInfo{com.zcool.community/com.zcool.community.module.splash.SplashActivity}" drawable="站酷" />

	<!-- 掌上论坛 -->
	<item component="ComponentInfo{net.discuz/net.discuz.SplashActivity}" drawable="掌上论坛" />

	<!-- 芝士阅读 -->
	<item component="ComponentInfo{com.mrocker.cheese/com.mrocker.cheese.ui.activity.splash.SplashActivity}" drawable="芝士阅读" />

	<!-- 知音漫客 -->
	<item component="ComponentInfo{cn.zymk.comic/cn.zymk.comic.ui.CoverActivity}" drawable="知音漫客" />

	<!-- 纵横小说 -->
	<item component="ComponentInfo{com.zongheng.reader/com.zongheng.reader.ui.common.ActivitySplash}" drawable="纵横小说" />

	<!-- AA小说下载阅读器 -->
	<item component="ComponentInfo{com.aareader/com.aareader.RSplashActivity}" drawable="aa小说下载阅读器" />

	<!-- Anitama -->
	<item component="ComponentInfo{cn.anitama.tamako/cn.anitama.tamako.MainActivity}" drawable="anitama" />

	<!-- Beauty-最美创意 -->
	<item component="ComponentInfo{com.bugkr.beautyidea/com.bugkr.beautyidea.ui.index.IndexActivity}" drawable="beauty-最美创意" />

	<!-- Feeder -->
	<item component="ComponentInfo{me.zsr.feeder/com.feeder.android.view.main.MainActivity}" drawable="feeder" />

	<!-- GravityBox [NG] -->
	<item component="ComponentInfo{com.wrbug.gravitybox.nougat/com.wrbug.gravitybox.nougat.GravityBoxSettingsAlias}" drawable="gravitybox_[ng]" />

	<!-- Intel ARK -->
	<item component="ComponentInfo{com.intel.ark/com.intel.ark.SplashScreen}" drawable="intel_ark" />

	<!-- iRead -->
	<item component="ComponentInfo{com.jongde.iread/com.jongde.iread.StartActivity}" drawable="iread" />

	<!-- Lavender -->
	<item component="ComponentInfo{party.danyang.nationalgeographic/party.danyang.nationalgeographic.ui.home.HomeActivity}" drawable="lavender" />

	<!-- M One -->
	<item component="ComponentInfo{com.orekie.mone/com.orekie.mone.main.view.MainActivity}" drawable="m_one" />

	<!-- NBA -->
	<item component="ComponentInfo{com.tencent.nbagametime/com.tencent.nbagametime.ui.activity.SplashActivity}" drawable="nba" />

	<!-- OnePlus Pro -->
	<item component="ComponentInfo{l.o/l.o.l}" drawable="oneplus_pro" />

	<!-- Tiles -->
	<item component="ComponentInfo{com.rascarlo.quick.settings.tiles/com.rascarlo.quick.settings.tiles.MainActivity}" drawable="tiles" />

	<!-- VICE中国 -->
	<item component="ComponentInfo{asia.digitalcreative.vice/asia.digitalcreative.vice.LaunchActivity}" drawable="vice中国" />

</resources>