<appmap>

	<!-- · Light · -->
	<item class="com.netease.light.ui.LauncherActivity" name="· light ·" />

	<!-- 爱玩 -->
	<item class="com.netease.iplay.StartActivity" name="爱玩" />

	<!-- 爱屋吉屋 -->
	<item class="com.manyi.lovehouse.ui.WelcomeActivity" name="爱屋吉屋" />

	<!-- APK Checker -->
	<item class="com.by_syk.apkchecker.HelloActivity" name="apk_checker" />

	<!-- MovieBase -->
	<item class="com.lfst.qiyu.ui.activity.WelcomeActivity" name="moviebase" />

	<!-- 并读新闻 -->
	<item class="com.nhzw.bingdu.activity.SplashActivity" name="并读新闻" />

	<!-- 不可能的世界 -->
	<item class="com.kana.reader.module.SplashActivity" name="不可能的世界" />

	<!-- 财经杂志 -->
	<item class="com.caijing.activity.WelcomeActivity" name="财经杂志" />

	<!-- Caixin -->
	<item class="com.caing.news.activity.LoadingActivity" name="caixin" />

	<!-- 藏书馆 -->
	<item class="com.cliff.model.global.view.SplashAct" name="藏书馆" />

	<!-- 产品经理 -->
	<item class="com.woshipm.news.ui.LoadingActivity" name="产品经理" />

	<!-- 超星阅读 -->
	<item class="com.chaoxing.widget.SplashActivity" name="超星阅读" />

	<!-- 成语词典2017 -->
	<item class="com.kk.dict.activity.SplashActivity" name="成语词典2017" />

	<!-- 传阅头条 -->
	<item class="com.gao7.android.weixin.ui.act.LoadingActivity" name="传阅头条" />

	<!-- 创意设计 -->
	<item class="com.yidian.news.ui.guide.UserGuideActivity" name="创意设计" />

	<!-- 纯新闻 -->
	<item class="my.hhx.com.chunnews.activity.MainActivity" name="纯新闻" />

	<!-- 大家中医 -->
	<item class="com.dajiazhongyi.dajia.dj.ui.launch.DaJiaLauncher" name="大家中医" />

	<!-- 大角虫漫画 -->
	<item class="cn.kidstone.cartoon.StartApp" name="大角虫漫画" />

	<!-- 单读 -->
	<item class="com.onewaystreet.weread.activity.HomePageActivity" name="单读" />

	<!-- 咚漫 -->
	<item class="com.naver.linewebtoon.splash.SplashActivity" name="咚漫" />

	<!-- 毒舌电影 -->
	<item class="com.dushe.movie.ui.login.SplashActivity" name="毒舌电影" />

	<!-- 古风诗歌产生器 -->
	<item class="moe.guo.poem.MainActivity" name="古风诗歌产生器" />

	<!-- 古诗文 -->
	<item class="app.errang.com.poems.main.activity.SplashActivity" name="古诗文" />

	<!-- 观察者 -->
	<item class="cn.guancha.app.activity.WelcomeActivity" name="观察者" />

	<!-- 观止 -->
	<item class="com.stub.plugin.Stub01" name="观止" />

	<!-- 国漫 -->
	<item class="com.qingman.comic.ui.SplashUi" name="国漫" />

	<!-- 汉语词典 -->
	<item class="com.kk.dict.activity.SplashActivity" name="汉语词典" />

	<!-- 黑岩阅读 -->
	<item class="com.heiyan.reader.activity.WelcomeActivity" name="黑岩阅读" />

	<!-- 厚墨 -->
	<item class="io.simi.homo.activity.HomeActivity" name="厚墨" />

	<!-- 葫芦时刻 -->
	<item class="com.qikan.hulu.splash.ui.SplashActivity" name="葫芦时刻" />

	<!-- 画江湖 -->
	<item class="com.ruosen.huajianghu.ui.commonactivity.WelcomeActivity" name="画江湖" />

	<!-- 简图 -->
	<item class="io.egg.jiantu.modules.editor.EditorActivity" name="简图" />

	<!-- 剑灵掌游宝 -->
	<item class="com.anzogame.jl.activity.AppFlashActivity" name="剑灵掌游宝" />

	<!-- 橘子娱乐 -->
	<item class="com.happyjuzi.apps.juzi.SplashActivity" name="橘子娱乐" />

	<!-- 句子迷 -->
	<item class="com.example.juzimi.MainActivity" name="句子迷" />

	<!-- 军事头条 -->
	<item class="com.tiexue.mobile.topnews.ui.activity.StartLogoActivity" name="军事头条" />

	<!-- 凯迪 -->
	<item class="net.kdnet.club.activity.BootActivity" name="凯迪" />

	<!-- 可米酷漫画 -->
	<item class="com.icomico.comi.activity.MainActivity" name="可米酷漫画" />

	<!-- 酷安电视剧 小说版 -->
	<item class="com.k99k5.coolapknovel.MainActivity" name="酷安电视剧_小说版" />

	<!-- 快科技 -->
	<item class="com.kkeji.news.client.ui.ActivityStartLogo" name="快科技" />

	<!-- 码云 -->
	<item class="net.oschina.gitapp.WelcomePage" name="码云" />

	<!-- 漫画台 -->
	<item class="com.wbxm.icartoon.ui.CoverActivity" name="漫画台" />

	<!-- 漫漫漫画 -->
	<item class="com.itcode.reader.activity.SplashActivity" name="漫漫漫画" />

	<!-- 猫团动漫 -->
	<item class="com.haomee.kandongman.WelcomeActivity" name="猫团动漫" />

	<!-- 模拟炒股 -->
	<item class="com.winner.other.SplashActivity" name="模拟炒股" />

	<!-- 魔屏漫画 -->
	<item class="com.mgl.activity.MSSkipActivity" name="魔屏漫画" />

	<!-- 内涵福利社 -->
	<item class="com.lunchsoft.weibofun.ui.support.SplashScreenActivity" name="内涵福利社" />

	<!-- 内涵漫画 -->
	<item class="com.ss.android.gallery.comic.activity.SplashActivity" name="内涵漫画" />

	<!-- 喷嚏阅读 -->
	<item class="com.seventc.sneeze.WelcomeActivity" name="喷嚏阅读" />

	<!-- 汽车之家论坛 -->
	<item class="com.autohome.autoclub.LogoActivity" name="汽车之家论坛" />

	<!-- 汽车之家HD -->
	<item class="com.autohome.mainhd.LaunchActivity" name="汽车之家hd" />

	<!-- 轻读 -->
	<item class="cn.xiaochuankeji.wread.ui.ActivitySplash" name="轻读" />

	<!-- Samsung Reader -->
	<item class="com.chaozh.iReader.ui.activity.WelcomeActivity" name="samsung_reader" />

	<!-- 深夜毒物 -->
	<item class="com.happyjuzi.apps.nightpoison.biz.splash.SplashActivity" name="深夜毒物" />

	<!-- 诗词中国 -->
	<item class="com.founder.poetry.activities.SplashActivity" name="诗词中国" />

	<!-- 食物库 -->
	<item class="com.boohee.food.WelcomeActivity" name="食物库" />

	<!-- 书云 -->
	<item class="com.sjtu.chenzhongpu.cloudbooks.SplashActivity" name="书云" />

	<!-- 数读 -->
	<item class="com.ifanr.android.view.activity.SplashActivity" name="数读" />

	<!-- 肆客足球 -->
	<item class="cool.score.android.ui.guide.WelcomeActivity" name="肆客足球" />

	<!-- Sogou Search -->
	<item class="com.sogou.activity.src.SplashActivity" name="sogou_search" />

	<!-- 随身书包 -->
	<item class="tools.yiclear.com.book.splashActivity" name="随身书包" />

	<!-- 豌豆荚应用盒子 -->
	<item class="com.wandoujia.launcher_lite.activity.DispatchActivity" name="豌豆荚应用盒子" />

	<!-- 完美志愿 -->
	<item class="com.gaokaozhiyuan.module.splash.SplashActivity" name="完美志愿" />

	<!-- 玩科技 -->
	<item class="wan.ke.ji.wel.WelComeActivity" name="玩科技" />

	<!-- 网兜免费小说 -->
	<item class="com.sina.book.ui.activity.splash.SplashActivity" name="网兜免费小说" />

	<!-- 微在趣闻社 -->
	<item class="com.owspace.wezeit.activity.welcome.WelcomeActivity" name="微在趣闻社" />

	<!-- 文言文 -->
	<item class="com.kk.poem.activity.SplashActivity" name="文言文" />

	<!-- 乌云安全中心 -->
	<item class="com.wooyun.security.activity.SplashActivity" name="乌云安全中心" />

	<!-- 无觅阅读 -->
	<item class="com.wumii.android.controller.activity.MainActivity" name="无觅阅读" />

	<!-- 唔哩头条 -->
	<item class="com.caishi.cronus.ui.splash.WelcomeActivity" name="唔哩头条" />

	<!-- 犀牛故事 -->
	<item class="com.rhinocerosstory.main.ui.Welcome" name="犀牛故事" />

	<!-- 鲜果读书 -->
	<item class="com.xianguo.book.activity.LaunchActivity" name="鲜果读书" />

	<!-- 小说下载器 -->
	<item class="cn.uujian.bookdownloader.MainActivity" name="小说下载器" />

	<!-- 小鱼天气 -->
	<item class="cn.microsoft.cig.uair.activity.LaunchActivity" name="小鱼天气" />

	<!-- 笑神来了 -->
	<item class="com.zuobao.xiaobao.WelcomeActivity" name="笑神来了" />

	<!-- News Reader -->
	<item class="com.apdnews.activity.MainFragmentActivity" name="news_reader" />

	<!-- 言士创作 -->
	<item class="com.yanshi.writing.ui.SplashActivity" name="言士创作" />

	<!-- 一分钟简讯 -->
	<item class="com.qihoo.util.StartActivity" name="一分钟简讯" />

	<!-- 一览 -->
	<item class="com.hl.matrix.ui.activities.WelcomeActivity" name="一览" />

	<!-- 一生必读的历史书 -->
	<item class="com.ireadercity.activity.GuideActivity" name="一生必读的历史书" />

	<!-- 壹心理 -->
	<item class="com.xinli.yixinli.activity.LauncherActivity" name="壹心理" />

	<!-- 意林 -->
	<item class="com.palmtrends.yl.ui.InitActivity" name="意林" />

	<!-- 阅读 -->
	<item class="com.monke.monkeybook.view.activity.WelcomeActivity" name="阅读" />

	<!-- 阅读星 -->
	<item class="com.iBookStar.activityComm.Splash" name="阅读星" />

	<!-- 阅读星HD -->
	<item class="com.iBookStar.activityComm.Splash" name="阅读星hd" />

	<!-- 凿音 -->
	<item class="activity.StartupActivity" name="凿音" />

	<!-- 站酷 -->
	<item class="com.zcool.community.module.splash.SplashActivity" name="站酷" />

	<!-- 掌上论坛 -->
	<item class="net.discuz.SplashActivity" name="掌上论坛" />

	<!-- 芝士阅读 -->
	<item class="com.mrocker.cheese.ui.activity.splash.SplashActivity" name="芝士阅读" />

	<!-- 知音漫客 -->
	<item class="cn.zymk.comic.ui.CoverActivity" name="知音漫客" />

	<!-- 纵横小说 -->
	<item class="com.zongheng.reader.ui.common.ActivitySplash" name="纵横小说" />

	<!-- AA小说下载阅读器 -->
	<item class="com.aareader.RSplashActivity" name="aa小说下载阅读器" />

	<!-- Anitama -->
	<item class="cn.anitama.tamako.MainActivity" name="anitama" />

	<!-- Beauty-最美创意 -->
	<item class="com.bugkr.beautyidea.ui.index.IndexActivity" name="beauty-最美创意" />

	<!-- Feeder -->
	<item class="com.feeder.android.view.main.MainActivity" name="feeder" />

	<!-- GravityBox [NG] -->
	<item class="com.wrbug.gravitybox.nougat.GravityBoxSettingsAlias" name="gravitybox_[ng]" />

	<!-- Intel ARK -->
	<item class="com.intel.ark.SplashScreen" name="intel_ark" />

	<!-- iRead -->
	<item class="com.jongde.iread.StartActivity" name="iread" />

	<!-- Lavender -->
	<item class="party.danyang.nationalgeographic.ui.home.HomeActivity" name="lavender" />

	<!-- M One -->
	<item class="com.orekie.mone.main.view.MainActivity" name="m_one" />

	<!-- NBA -->
	<item class="com.tencent.nbagametime.ui.activity.SplashActivity" name="nba" />

	<!-- OnePlus Pro -->
	<item class="l.o.l" name="oneplus_pro" />

	<!-- Tiles -->
	<item class="com.rascarlo.quick.settings.tiles.MainActivity" name="tiles" />

	<!-- VICE中国 -->
	<item class="asia.digitalcreative.vice.LaunchActivity" name="vice中国" />

</appmap>