<Theme version="1">

	<!-- · Light · -->
	<AppIcon name="com.netease.light/com.netease.light.ui.LauncherActivity" image="· light ·" />

	<!-- 爱玩 -->
	<AppIcon name="com.netease.iplay/com.netease.iplay.StartActivity" image="爱玩" />

	<!-- 爱屋吉屋 -->
	<AppIcon name="com.manyi.lovehouse/com.manyi.lovehouse.ui.WelcomeActivity" image="爱屋吉屋" />

	<!-- APK Checker -->
	<AppIcon name="com.by_syk.apkchecker/com.by_syk.apkchecker.HelloActivity" image="apk_checker" />

	<!-- MovieBase -->
	<AppIcon name="com.lfst.qiyu/com.lfst.qiyu.ui.activity.WelcomeActivity" image="moviebase" />

	<!-- 并读新闻 -->
	<AppIcon name="com.nhzw.bingdu/com.nhzw.bingdu.activity.SplashActivity" image="并读新闻" />

	<!-- 不可能的世界 -->
	<AppIcon name="com.kana.reader/com.kana.reader.module.SplashActivity" image="不可能的世界" />

	<!-- 财经杂志 -->
	<AppIcon name="com.caijing/com.caijing.activity.WelcomeActivity" image="财经杂志" />

	<!-- Caixin -->
	<AppIcon name="com.caing.news/com.caing.news.activity.LoadingActivity" image="caixin" />

	<!-- 藏书馆 -->
	<AppIcon name="com.cliff/com.cliff.model.global.view.SplashAct" image="藏书馆" />

	<!-- 产品经理 -->
	<AppIcon name="com.woshipm.news/com.woshipm.news.ui.LoadingActivity" image="产品经理" />

	<!-- 超星阅读 -->
	<AppIcon name="com.chaoxing/com.chaoxing.widget.SplashActivity" image="超星阅读" />

	<!-- 成语词典2017 -->
	<AppIcon name="com.kk.dict.chengyu/com.kk.dict.activity.SplashActivity" image="成语词典2017" />

	<!-- 传阅头条 -->
	<AppIcon name="com.gao7.android.weixin/com.gao7.android.weixin.ui.act.LoadingActivity" image="传阅头条" />

	<!-- 创意设计 -->
	<AppIcon name="com.yidian.design/com.yidian.news.ui.guide.UserGuideActivity" image="创意设计" />

	<!-- 纯新闻 -->
	<AppIcon name="my.hhx.com.chunnews/my.hhx.com.chunnews.activity.MainActivity" image="纯新闻" />

	<!-- 大家中医 -->
	<AppIcon name="com.dajiazhongyi.dajia/com.dajiazhongyi.dajia.dj.ui.launch.DaJiaLauncher" image="大家中医" />

	<!-- 大角虫漫画 -->
	<AppIcon name="cn.kidstone.cartoon/cn.kidstone.cartoon.StartApp" image="大角虫漫画" />

	<!-- 单读 -->
	<AppIcon name="com.onewaystreet.weread/com.onewaystreet.weread.activity.HomePageActivity" image="单读" />

	<!-- 咚漫 -->
	<AppIcon name="com.naver.linewebtoon.cn/com.naver.linewebtoon.splash.SplashActivity" image="咚漫" />

	<!-- 毒舌电影 -->
	<AppIcon name="com.dushe.movie/com.dushe.movie.ui.login.SplashActivity" image="毒舌电影" />

	<!-- 古风诗歌产生器 -->
	<AppIcon name="moe.guo.poem/moe.guo.poem.MainActivity" image="古风诗歌产生器" />

	<!-- 古诗文 -->
	<AppIcon name="app.errang.com.poems/app.errang.com.poems.main.activity.SplashActivity" image="古诗文" />

	<!-- 观察者 -->
	<AppIcon name="cn.guancha.app/cn.guancha.app.activity.WelcomeActivity" image="观察者" />

	<!-- 观止 -->
	<AppIcon name="com.meiriyiwen.app/com.stub.plugin.Stub01" image="观止" />

	<!-- 国漫 -->
	<AppIcon name="com.qingman.comic/com.qingman.comic.ui.SplashUi" image="国漫" />

	<!-- 汉语词典 -->
	<AppIcon name="com.kk.dict.cidian/com.kk.dict.activity.SplashActivity" image="汉语词典" />

	<!-- 黑岩阅读 -->
	<AppIcon name="com.heiyan.reader/com.heiyan.reader.activity.WelcomeActivity" image="黑岩阅读" />

	<!-- 厚墨 -->
	<AppIcon name="io.simi.homo/io.simi.homo.activity.HomeActivity" image="厚墨" />

	<!-- 葫芦时刻 -->
	<AppIcon name="com.qikan.dy.lydingyue/com.qikan.hulu.splash.ui.SplashActivity" image="葫芦时刻" />

	<!-- 画江湖 -->
	<AppIcon name="com.ruosen.huajianghu/com.ruosen.huajianghu.ui.commonactivity.WelcomeActivity" image="画江湖" />

	<!-- 简图 -->
	<AppIcon name="io.egg.jiantu/io.egg.jiantu.modules.editor.EditorActivity" image="简图" />

	<!-- 剑灵掌游宝 -->
	<AppIcon name="com.anzogame.jl/com.anzogame.jl.activity.AppFlashActivity" image="剑灵掌游宝" />

	<!-- 橘子娱乐 -->
	<AppIcon name="com.happyjuzi.apps.juzi/com.happyjuzi.apps.juzi.SplashActivity" image="橘子娱乐" />

	<!-- 句子迷 -->
	<AppIcon name="com.example.juzimi/com.example.juzimi.MainActivity" image="句子迷" />

	<!-- 军事头条 -->
	<AppIcon name="com.tiexue.mobile.topnews/com.tiexue.mobile.topnews.ui.activity.StartLogoActivity" image="军事头条" />

	<!-- 凯迪 -->
	<AppIcon name="net.kdnet.club/net.kdnet.club.activity.BootActivity" image="凯迪" />

	<!-- 可米酷漫画 -->
	<AppIcon name="com.icomico.comi/com.icomico.comi.activity.MainActivity" image="可米酷漫画" />

	<!-- 酷安电视剧 小说版 -->
	<AppIcon name="com.k99k5.coolapknovel/com.k99k5.coolapknovel.MainActivity" image="酷安电视剧_小说版" />

	<!-- 快科技 -->
	<AppIcon name="com.kkeji.news.client/com.kkeji.news.client.ui.ActivityStartLogo" image="快科技" />

	<!-- 码云 -->
	<AppIcon name="net.oschina.gitapp/net.oschina.gitapp.WelcomePage" image="码云" />

	<!-- 漫画台 -->
	<AppIcon name="com.comic.manhuatai/com.wbxm.icartoon.ui.CoverActivity" image="漫画台" />

	<!-- 漫漫漫画 -->
	<AppIcon name="com.itcode.reader/com.itcode.reader.activity.SplashActivity" image="漫漫漫画" />

	<!-- 猫团动漫 -->
	<AppIcon name="com.haomee.kandongman/com.haomee.kandongman.WelcomeActivity" image="猫团动漫" />

	<!-- 模拟炒股 -->
	<AppIcon name="com.winner.simulatetrade/com.winner.other.SplashActivity" image="模拟炒股" />

	<!-- 魔屏漫画 -->
	<AppIcon name="com.MoScreen/com.mgl.activity.MSSkipActivity" image="魔屏漫画" />

	<!-- 内涵福利社 -->
	<AppIcon name="com.lunchsoft.weibofun/com.lunchsoft.weibofun.ui.support.SplashScreenActivity" image="内涵福利社" />

	<!-- 内涵漫画 -->
	<AppIcon name="com.ss.android.gallery.comic/com.ss.android.gallery.comic.activity.SplashActivity" image="内涵漫画" />

	<!-- 喷嚏阅读 -->
	<AppIcon name="com.seventc.sneeze/com.seventc.sneeze.WelcomeActivity" image="喷嚏阅读" />

	<!-- 汽车之家论坛 -->
	<AppIcon name="com.autohome.autoclub/com.autohome.autoclub.LogoActivity" image="汽车之家论坛" />

	<!-- 汽车之家HD -->
	<AppIcon name="com.autohome.mainhd/com.autohome.mainhd.LaunchActivity" image="汽车之家hd" />

	<!-- 轻读 -->
	<AppIcon name="cn.xiaochuankeji.wread/cn.xiaochuankeji.wread.ui.ActivitySplash" image="轻读" />

	<!-- Samsung Reader -->
	<AppIcon name="com.mci.smagazine/com.chaozh.iReader.ui.activity.WelcomeActivity" image="samsung_reader" />

	<!-- 深夜毒物 -->
	<AppIcon name="com.happyjuzi.apps.nightpoison/com.happyjuzi.apps.nightpoison.biz.splash.SplashActivity" image="深夜毒物" />

	<!-- 诗词中国 -->
	<AppIcon name="com.founder.poetry/com.founder.poetry.activities.SplashActivity" image="诗词中国" />

	<!-- 食物库 -->
	<AppIcon name="com.boohee.food/com.boohee.food.WelcomeActivity" image="食物库" />

	<!-- 书云 -->
	<AppIcon name="com.sjtu.chenzhongpu.cloudbooks/com.sjtu.chenzhongpu.cloudbooks.SplashActivity" image="书云" />

	<!-- 数读 -->
	<AppIcon name="com.ifanr.android/com.ifanr.android.view.activity.SplashActivity" image="数读" />

	<!-- 肆客足球 -->
	<AppIcon name="cool.score.android/cool.score.android.ui.guide.WelcomeActivity" image="肆客足球" />

	<!-- Sogou Search -->
	<AppIcon name="com.sogou.activity.src/com.sogou.activity.src.SplashActivity" image="sogou_search" />

	<!-- 随身书包 -->
	<AppIcon name="tools.yiclear.com.book/tools.yiclear.com.book.splashActivity" image="随身书包" />

	<!-- 豌豆荚应用盒子 -->
	<AppIcon name="com.wandoujia.launcher_lite/com.wandoujia.launcher_lite.activity.DispatchActivity" image="豌豆荚应用盒子" />

	<!-- 完美志愿 -->
	<AppIcon name="com.gaokaozhiyuan/com.gaokaozhiyuan.module.splash.SplashActivity" image="完美志愿" />

	<!-- 玩科技 -->
	<AppIcon name="wan.ke.ji/wan.ke.ji.wel.WelComeActivity" image="玩科技" />

	<!-- 网兜免费小说 -->
	<AppIcon name="com.sina.book/com.sina.book.ui.activity.splash.SplashActivity" image="网兜免费小说" />

	<!-- 微在趣闻社 -->
	<AppIcon name="com.owspace.wezeit/com.owspace.wezeit.activity.welcome.WelcomeActivity" image="微在趣闻社" />

	<!-- 文言文 -->
	<AppIcon name="com.kk.poem.wyw/com.kk.poem.activity.SplashActivity" image="文言文" />

	<!-- 乌云安全中心 -->
	<AppIcon name="com.wooyun.security/com.wooyun.security.activity.SplashActivity" image="乌云安全中心" />

	<!-- 无觅阅读 -->
	<AppIcon name="com.wumii.android/com.wumii.android.controller.activity.MainActivity" image="无觅阅读" />

	<!-- 唔哩头条 -->
	<AppIcon name="com.caishi.cronus/com.caishi.cronus.ui.splash.WelcomeActivity" image="唔哩头条" />

	<!-- 犀牛故事 -->
	<AppIcon name="com.rhinocerosstory/com.rhinocerosstory.main.ui.Welcome" image="犀牛故事" />

	<!-- 鲜果读书 -->
	<AppIcon name="com.xianguo.book/com.xianguo.book.activity.LaunchActivity" image="鲜果读书" />

	<!-- 小说下载器 -->
	<AppIcon name="cn.uujian.bookdownloader/cn.uujian.bookdownloader.MainActivity" image="小说下载器" />

	<!-- 小鱼天气 -->
	<AppIcon name="cn.microsoft.cig.uair/cn.microsoft.cig.uair.activity.LaunchActivity" image="小鱼天气" />

	<!-- 笑神来了 -->
	<AppIcon name="com.zuobao.xiaobao/com.zuobao.xiaobao.WelcomeActivity" image="笑神来了" />

	<!-- News Reader -->
	<AppIcon name="com.apdnews/com.apdnews.activity.MainFragmentActivity" image="news_reader" />

	<!-- 言士创作 -->
	<AppIcon name="com.yanshi.writing/com.yanshi.writing.ui.SplashActivity" image="言士创作" />

	<!-- 一分钟简讯 -->
	<AppIcon name="com.tec.thinker.sm/com.qihoo.util.StartActivity" image="一分钟简讯" />

	<!-- 一览 -->
	<AppIcon name="com.hl.matrix/com.hl.matrix.ui.activities.WelcomeActivity" image="一览" />

	<!-- 一生必读的历史书 -->
	<AppIcon name="com.ireadercity.b4/com.ireadercity.activity.GuideActivity" image="一生必读的历史书" />

	<!-- 壹心理 -->
	<AppIcon name="com.xinli.yixinli/com.xinli.yixinli.activity.LauncherActivity" image="壹心理" />

	<!-- 意林 -->
	<AppIcon name="com.palmtrends.yl/com.palmtrends.yl.ui.InitActivity" image="意林" />

	<!-- 阅读 -->
	<AppIcon name="com.gedoor.monkeybook/com.monke.monkeybook.view.activity.WelcomeActivity" image="阅读" />

	<!-- 阅读星 -->
	<AppIcon name="com.person.reader/com.iBookStar.activityComm.Splash" image="阅读星" />

	<!-- 阅读星HD -->
	<AppIcon name="com.iBookStar.activityHd/com.iBookStar.activityComm.Splash" image="阅读星hd" />

	<!-- 凿音 -->
	<AppIcon name="com.laoxinwen.app/activity.StartupActivity" image="凿音" />

	<!-- 站酷 -->
	<AppIcon name="com.zcool.community/com.zcool.community.module.splash.SplashActivity" image="站酷" />

	<!-- 掌上论坛 -->
	<AppIcon name="net.discuz/net.discuz.SplashActivity" image="掌上论坛" />

	<!-- 芝士阅读 -->
	<AppIcon name="com.mrocker.cheese/com.mrocker.cheese.ui.activity.splash.SplashActivity" image="芝士阅读" />

	<!-- 知音漫客 -->
	<AppIcon name="cn.zymk.comic/cn.zymk.comic.ui.CoverActivity" image="知音漫客" />

	<!-- 纵横小说 -->
	<AppIcon name="com.zongheng.reader/com.zongheng.reader.ui.common.ActivitySplash" image="纵横小说" />

	<!-- AA小说下载阅读器 -->
	<AppIcon name="com.aareader/com.aareader.RSplashActivity" image="aa小说下载阅读器" />

	<!-- Anitama -->
	<AppIcon name="cn.anitama.tamako/cn.anitama.tamako.MainActivity" image="anitama" />

	<!-- Beauty-最美创意 -->
	<AppIcon name="com.bugkr.beautyidea/com.bugkr.beautyidea.ui.index.IndexActivity" image="beauty-最美创意" />

	<!-- Feeder -->
	<AppIcon name="me.zsr.feeder/com.feeder.android.view.main.MainActivity" image="feeder" />

	<!-- GravityBox [NG] -->
	<AppIcon name="com.wrbug.gravitybox.nougat/com.wrbug.gravitybox.nougat.GravityBoxSettingsAlias" image="gravitybox_[ng]" />

	<!-- Intel ARK -->
	<AppIcon name="com.intel.ark/com.intel.ark.SplashScreen" image="intel_ark" />

	<!-- iRead -->
	<AppIcon name="com.jongde.iread/com.jongde.iread.StartActivity" image="iread" />

	<!-- Lavender -->
	<AppIcon name="party.danyang.nationalgeographic/party.danyang.nationalgeographic.ui.home.HomeActivity" image="lavender" />

	<!-- M One -->
	<AppIcon name="com.orekie.mone/com.orekie.mone.main.view.MainActivity" image="m_one" />

	<!-- NBA -->
	<AppIcon name="com.tencent.nbagametime/com.tencent.nbagametime.ui.activity.SplashActivity" image="nba" />

	<!-- OnePlus Pro -->
	<AppIcon name="l.o/l.o.l" image="oneplus_pro" />

	<!-- Tiles -->
	<AppIcon name="com.rascarlo.quick.settings.tiles/com.rascarlo.quick.settings.tiles.MainActivity" image="tiles" />

	<!-- VICE中国 -->
	<AppIcon name="asia.digitalcreative.vice/asia.digitalcreative.vice.LaunchActivity" image="vice中国" />

</Theme>