<resources>

	<!-- 24PI -->
	<item component="ComponentInfo{com.dlj24pi.android/com.dlj24pi.android.activity.StartActivity}" drawable="24pi" />

	<!-- AccuWeather -->
	<item component="ComponentInfo{com.accuweather.android/com.accuweather.app.SplashScreen}" drawable="accuweather" />

	<!-- ACR -->
	<item component="ComponentInfo{com.nll.acr/com.nll.acr.activity.MainActivity}" drawable="acr" />

	<!-- Activity Launcher -->
	<item component="ComponentInfo{de.szalkowski.activitylauncher/de.szalkowski.activitylauncher.MainActivity}" drawable="activity_launcher" />

	<!-- ADM Pro -->
	<item component="ComponentInfo{com.dv.adm.pay/com.dv.adm.pay.Main}" drawable="adm_pro" />

	<!-- AndreamNote -->
	<item component="ComponentInfo{com.andreamapp.note/com.andreamapp.note.ui.MemoListActivity}" drawable="andreamnote" />

	<!-- APKPure -->
	<item component="ComponentInfo{com.apkpure.aegon/com.apkpure.aegon.activities.SplashActivity}" drawable="apkpure" />

	<!-- ApkModifier -->
	<item component="ComponentInfo{zhao.apkmodifier/zhao.apkmodifier.ApkModifier}" drawable="apkmodifier" />

	<!-- App Ops -->
	<item component="ComponentInfo{rikka.appops/rikka.appops.SplashActivity}" drawable="app_ops" />

	<!-- App Settings -->
	<item component="ComponentInfo{de.robv.android.xposed.mods.appsettings/de.robv.android.xposed.mods.appsettings.XposedModActivity}" drawable="app_settings" />

	<!-- ASR -->
	<item component="ComponentInfo{com.nll.asr/com.nll.asr.activity.MainActivity}" drawable="asr" />

	<!-- AudioFX -->
	<item component="ComponentInfo{org.cyanogenmod.audiofx/org.cyanogenmod.audiofx.activity.ActivityMusic}" drawable="audiofx" />

	<!-- AVnight -->
	<item component="ComponentInfo{com.avnight/com.avnight.LandingActivity}" drawable="avnight" />

	<!-- bilibili link -->
	<item component="ComponentInfo{com.bilibili.bilibililive/com.bilibili.bilibililive.splash.SplashActivity}" drawable="bilibili_link" />

	<!-- BSPlayer -->
	<item component="ComponentInfo{com.bsplayer.bspandroid.full/com.bsplayer.bsplayeran.BSPMain_new}" drawable="bsplayer" />

	<!-- Bullet Force -->
	<item component="ComponentInfo{com.blayzegames.iosfps/com.unity3d.player.UnityPlayerNativeActivity}" drawable="bullet_force" />

	<!-- Candy Crush Saga -->
	<item component="ComponentInfo{com.king.candycrushsaga/com.king.candycrushsaga.CandyCrushSagaActivity}" drawable="candy_crush_saga" />

	<!-- CandyBar Demo -->
	<item component="ComponentInfo{com.material.dashboard.candybar.demo/com.yourpackage.anotherpackage.anotherone.activities.SplashActivity}" drawable="candybar_demo" />

	<!-- cnβ -->
	<item component="ComponentInfo{me.yugy.cnbeta/me.yugy.cnbeta.activity.MainActivity}" drawable="cnβ" />

	<!-- Cut the Rope Free -->
	<item component="ComponentInfo{com.zeptolab.ctr.ads/com.tencent.mobileqq.openpay.v1.e.ccccc}" drawable="cut_the_rope_free" />

	<!-- FBReader Premium -->
	<item component="ComponentInfo{com.fbreader/com.fbreader.android.fbreader.FBReader}" drawable="fbreader_premium" />

	<!-- Firefox -->
	<item component="ComponentInfo{org.mozilla.firefox/org.mozilla.firefox.App}" drawable="firefox" />

	<!-- Flyme社区 -->
	<item component="ComponentInfo{com.meizu.flyme.flymebbs/com.meizu.flyme.flymebbs.activity.WelcomeActivity}" drawable="flyme社区" />

	<!-- ForceLTE -->
	<item component="ComponentInfo{com.xsquarestudio.forcelte/com.xsquarestudio.forcelte.MainActivity}" drawable="forcelte" />

	<!-- Fulscrn Free -->
	<item component="ComponentInfo{me.dt2dev.fullscreen.free/me.dt2dev.fullscreen.ui.MainActivity}" drawable="fulscrn_free" />

	<!-- Game -->
	<item component="ComponentInfo{com.zostyskqjkudfqvfubgk/com.zostyskqjkudfqvfubgk.Main}" drawable="game" />

	<!-- Game -->
	<item component="ComponentInfo{com.zostyskqjkudfqvfubgk/com.zostyskqjkudfqvfubgk.MainActivity}" drawable="game" />

	<!-- GetIcon -->
	<item component="ComponentInfo{com.air.geticon/com.air.geticon.MainActivity}" drawable="geticon" />

	<!-- GravityBox [MM] -->
	<item component="ComponentInfo{com.ceco.marshmallow.gravitybox/com.ceco.marshmallow.gravitybox.GravityBoxSettingsAlias}" drawable="gravitybox_[mm]" />

	<!-- KeepVid -->
	<item component="ComponentInfo{com.keepvid.studio/com.keepvid.studio.SplashActivity}" drawable="keepvid" />

	<!-- LastPass -->
	<item component="ComponentInfo{com.lastpass.lpandroid/com.lastpass.lpandroid.activity.WebBrowserActivity}" drawable="lastpass" />

	<!-- Meeye Iconpack -->
	<item component="ComponentInfo{com.yeyebbc.meeye.iconpack/com.yeyebbc.meeye.iconpack.activities.SplashActivity}" drawable="meeye_iconpack" />

	<!-- MEGA -->
	<item component="ComponentInfo{mega.privacy.android.app/mega.privacy.android.app.LauncherActivity}" drawable="mega" />

	<!-- Mi Launcher -->
	<item component="ComponentInfo{com.mi.launcher/com.mi.launcher.Launcher}" drawable="mi_launcher" />

	<!-- MT管理器 -->
	<item component="ComponentInfo{bin.mt/bin.mt.Main}" drawable="mt管理器" />

	<!-- MT Manager -->
	<item component="ComponentInfo{bin.mt.plus/bin.mt.plus.Main}" drawable="mt_manager" />

	<!-- MX Player Pro -->
	<item component="ComponentInfo{com.mxtech.videoplayer.pro/com.mxtech.videoplayer.pro.ActivityMediaList}" drawable="mx_player_pro" />

	<!-- NanoIconPack Sample -->
	<item component="ComponentInfo{com.by_syk.nanoiconpack.sample/com.by_syk.lib.nanoiconpack.MainActivity}" drawable="nanoiconpack_sample" />

	<!-- NanoConsole -->
	<item component="ComponentInfo{pdc.by.syk.nano.iconpack/com.uzmap.pkg.EntranceActivity}" drawable="nanoconsole" />

	<!-- Nova Launcher -->
	<item component="ComponentInfo{com.teslacoilsw.launcher/com.teslacoilsw.launcher.NovaShortcutHandler}" drawable="nova_launcher" />

	<!-- OK Golf -->
	<item component="ComponentInfo{com.okidokico.okgolfmod/com.unity3d.player.UnityPlayerActivity}" drawable="ok_golf" />

	<!-- PaTaPon -->
	<item component="ComponentInfo{com.pinmon.PataponRevenge91/com.pinmon.PataponRevenge91.MainActivity}" drawable="patapon" />

	<!-- Phonograph -->
	<item component="ComponentInfo{com.kabouzeid.gramophone/com.kabouzeid.gramophone.ui.activities.MainActivity}" drawable="phonograph" />

	<!-- Google Play Store -->
	<item component="ComponentInfo{com.android.vending/com.android.vending.AssetBrowserActivity}" drawable="google_play_store" />

	<!-- PPTV -->
	<item component="ComponentInfo{com.pplive.androidphone/com.pplive.androidphone.ui.FirstActivity}" drawable="pptv" />

	<!-- Pure IconPack -->
	<item component="ComponentInfo{me.morirain.dev.iconpack.pure/com.by_syk.lib.nanoiconpack.MainActivity}" drawable="pure_iconpack" />

	<!-- QQ -->
	<item component="ComponentInfo{com.tencent.mobileqq/com.tencent.mobileqq.activity.SplashActivity}" drawable="qq" />

	<!-- QQ浏览器 -->
	<item component="ComponentInfo{com.tencent.mtt/com.tencent.mtt.SplashActivity}" drawable="qq浏览器" />

	<!-- QQ邮箱 -->
	<item component="ComponentInfo{com.tencent.androidqqmail/com.tencent.qqmail.launcher.desktop.LauncherActivity}" drawable="qq邮箱" />

	<!-- QQMusic -->
	<item component="ComponentInfo{com.tencent.qqmusic/com.tencent.qqmusic.activity.AppStarterActivity}" drawable="qqmusic" />

	<!-- QuickSupport -->
	<item component="ComponentInfo{com.teamviewer.quicksupport.market/com.teamviewer.quicksupport.ui.QSActivity}" drawable="quicksupport" />

	<!-- Shadow Fight 2 -->
	<item component="ComponentInfo{com.nekki.shadowfight/com.aiwu.Splash}" drawable="shadow_fight_2" />

	<!-- Solid Explorer -->
	<item component="ComponentInfo{pl.solidexplorer2/pl.solidexplorer.SolidExplorer}" drawable="solid_explorer" />

	<!-- Sorcery Icons -->
	<item component="ComponentInfo{com.sorcerer.sorcery.iconpack/com.sorcerer.sorcery.iconpack.MainActivity}" drawable="sorcery_icons" />

	<!-- SSR -->
	<item component="ComponentInfo{in.zhaoj.shadowsocksr/com.github.shadowsocks.Shadowsocks}" drawable="ssr" />

	<!-- Steam -->
	<item component="ComponentInfo{com.valvesoftware.android.steam.community/com.valvesoftware.android.steam.community.activity.MainActivity}" drawable="steam" />

	<!-- Subway Surf -->
	<item component="ComponentInfo{com.kiloo.subwaysurf/com.kiloo.unityutilities.UnityPluginActivity}" drawable="subway_surf" />

	<!-- SuperSU -->
	<item component="ComponentInfo{eu.chainfire.supersu/eu.chainfire.supersu.MainActivity-Material}" drawable="supersu" />

	<!-- SuperVPN -->
	<item component="ComponentInfo{com.chengcheng.FreeVPN/com.chengcheng.FreeVPN.SplashActivity}" drawable="supervpn" />

	<!-- TapTap -->
	<item component="ComponentInfo{com.taptap/com.play.taptap.ui.MainAct}" drawable="taptap" />

	<!-- TA的风格 -->
	<item component="ComponentInfo{com.his.style.iconpack/com.his.style.iconpack.activities.SplashActivity}" drawable="ta的风格" />

	<!-- TeamViewer -->
	<item component="ComponentInfo{com.teamviewer.teamviewer.market.mobile/com.teamviewer.remotecontrollib.activity.MainActivity}" drawable="teamviewer" />

	<!-- Via -->
	<item component="ComponentInfo{mark.via/mark.via.ui.activity.BrowserActivity}" drawable="via" />

	<!-- Village -->
	<item component="ComponentInfo{com.downloading.main.baiduyundownload/com.downloading.main.baiduyundownload.splash.S}" drawable="village" />

	<!-- ViPER4Android FX -->
	<item component="ComponentInfo{com.audlabs.viperfx/com.audlabs.viperfx.main.MainActivity}" drawable="viper4android_fx" />

	<!-- WiFi密码查看 -->
	<item component="ComponentInfo{wilk.wifi.pwd/wilk.wifi.pwd.ui.MainActivity}" drawable="wifi密码查看" />

	<!-- WPS Office -->
	<item component="ComponentInfo{cn.wps.moffice_eng/cn.wps.moffice.documentmanager.PreStartActivity}" drawable="wps_office" />

	<!-- Xposed Installer -->
	<item component="ComponentInfo{de.robv.android.xposed.installer/de.robv.android.xposed.installer.WelcomeActivitydvdandroid}" drawable="xposed_installer" />

	<!-- YouTube -->
	<item component="ComponentInfo{com.google.android.youtube/com.google.android.youtube.app.honeycomb.Shell$HomeActivity}" drawable="youtube" />

	<!-- µTorrent -->
	<item component="ComponentInfo{com.utorrent.client/com.bittorrent.client.Main}" drawable="µtorrent" />

	<!-- 万能视频播放器 -->
	<item component="ComponentInfo{com.kk.xx.player/com.kk.xx.player.SplashActivity}" drawable="万能视频播放器" />

	<!-- Download -->
	<item component="ComponentInfo{com.android.providers.downloads.ui/com.android.providers.downloads.ui.DownloadActivity}" drawable="download" />

	<!-- Themes -->
	<item component="ComponentInfo{com.meizu.customizecenter/com.meizu.customizecenter.CustomizeCenterActivity}" drawable="themes" />

	<!-- Drive -->
	<item component="ComponentInfo{com.google.android.apps.docs/com.google.android.apps.docs.app.NewMainProxyActivity}" drawable="drive" />

	<!-- 京东 -->
	<item component="ComponentInfo{com.jingdong.app.mall/com.jingdong.app.mall.main.MainActivity}" drawable="京东" />

	<!-- 优选 -->
	<item component="ComponentInfo{com.meizu.flyme.mall/com.meizu.flyme.mall.modules.home.HomeActivity}" drawable="优选" />

	<!-- Notes -->
	<item component="ComponentInfo{com.meizu.notepaper/com.meizu.flyme.notepaper.app.NotePaperActivity}" drawable="notes" />

	<!-- Messages -->
	<item component="ComponentInfo{com.android.mms/com.android.mms.ui.ConversationList}" drawable="messages" />

	<!-- 元气骑士 -->
	<item component="ComponentInfo{com.chillyroom.soulknight.gourd/com.chillyroomsdk.gourd.MainActivity}" drawable="元气骑士" />

	<!-- 动漫之家 -->
	<item component="ComponentInfo{com.dmzj.manhua/com.dmzj.manhua.ui.LaunchInterceptorActivity}" drawable="动漫之家" />

	<!-- 包名查看 -->
	<item component="ComponentInfo{com.xcn.baoming/com.androlua.Welcome}" drawable="包名查看" />

	<!-- System app remover pro -->
	<item component="ComponentInfo{com.jumobile.manager.systemapp.pro/com.jumobile.manager.systemapp.pro.ui.activity.IndexActivity}" drawable="system_app_remover_pro" />

	<!-- Koubei -->
	<item component="ComponentInfo{com.taobao.mobile.dipei/com.eg.android.AlipayGphone.AlipayLogin}" drawable="koubei" />

	<!-- bilibili -->
	<item component="ComponentInfo{tv.danmaku.bili/tv.danmaku.bili.ui.splash.SplashActivity}" drawable="bilibili" />

	<!-- 唯品会 -->
	<item component="ComponentInfo{com.achievo.vipshop/com.achievo.vipshop.activity.LodingActivity}" drawable="唯品会" />

	<!-- Gallery -->
	<item component="ComponentInfo{com.meizu.media.gallery/com.meizu.media.gallery.GalleryActivity}" drawable="gallery" />

	<!-- Maps -->
	<item component="ComponentInfo{com.meizu.net.map/com.meizu.net.map.MainMapActivity}" drawable="maps" />

	<!-- Nutstore -->
	<item component="ComponentInfo{nutstore.android/nutstore.android.SplashScreen}" drawable="nutstore" />

	<!-- 多看阅读 -->
	<item component="ComponentInfo{com.duokan.reader/com.duokan.reader.DkReaderActivity}" drawable="多看阅读" />

	<!-- Weather -->
	<item component="ComponentInfo{com.meizu.flyme.weather/com.meizu.flyme.weather.WeatherMainActivity}" drawable="weather" />

	<!-- Quark Browser -->
	<item component="ComponentInfo{com.quark.browser/com.ucpro.MainActivity}" drawable="quark_browser" />

	<!-- ToolWiz Privacy -->
	<item component="ComponentInfo{com.toolwiz.privacy/me.cleanwiz.sandbox.ui.activity.SplashActivity}" drawable="toolwiz_privacy" />

	<!-- Xiaomi Market -->
	<item component="ComponentInfo{com.xiaomi.market/com.xiaomi.market.ui.MainTabActivity}" drawable="xiaomi_market" />

	<!-- Happy Chick -->
	<item component="ComponentInfo{com.xiaoji.emulator/com.xiaoji.emulator.Entry}" drawable="happy_chick" />

	<!-- Toolbox -->
	<item component="ComponentInfo{com.meizu.flyme.toolbox/com.meizu.flyme.toolbox.activity.ToolBoxActivity}" drawable="toolbox" />

	<!-- Lucky Patcher -->
	<item component="ComponentInfo{com.android.vending.billing.InAppBillingService.CLON/com.android.vending.billing.InAppBillingService.CLON.MainActivity-Original}" drawable="lucky_patcher" />

	<!-- AppEnv -->
	<item component="ComponentInfo{com.sollyu.android.appenv/com.sollyu.android.appenv.activity.ActivitySplash}" drawable="appenv" />

	<!-- App Store -->
	<item component="ComponentInfo{com.meizu.mstore/com.meizu.flyme.appcenter.activitys.AppMainActivity}" drawable="app_store" />

	<!-- 开发者助手 -->
	<item component="ComponentInfo{com.toshiba_dealin.developerhelper/com.toshiba_dealin.developerhelper.ui.activity.MainActivity}" drawable="开发者助手" />

	<!-- 当乐 -->
	<item component="ComponentInfo{com.diguayouxi/com.diguayouxi.ui.FirstActivity}" drawable="当乐" />

	<!-- Recorder -->
	<item component="ComponentInfo{com.android.soundrecorder/com.android.soundrecorder.MzRecorderActivity}" drawable="recorder" />

	<!-- Shadowsocks -->
	<item component="ComponentInfo{com.github.shadowsocks/com.github.shadowsocks.MainActivity}" drawable="shadowsocks" />

	<!-- WeChat -->
	<item component="ComponentInfo{com.tencent.mm/com.tencent.mm.ui.LauncherUI}" drawable="wechat" />

	<!-- CM Swipe -->
	<item component="ComponentInfo{com.cmcm.iswipe/com.cmcm.iswipe.SwipeMainActivity}" drawable="cm_swipe" />

	<!-- QuickPic -->
	<item component="ComponentInfo{com.alensw.PicFolder/com.alensw.PicFolder.GalleryActivity}" drawable="quickpic" />

	<!-- 手机乐园 -->
	<item component="ComponentInfo{cn.com.shouji.market/cn.com.shouji.market.LogoActivity}" drawable="手机乐园" />

	<!-- 手机乐园（共存） -->
	<item component="ComponentInfo{cn.com.shouji.markeu/cn.com.shouji.markeu.MainTabActivity}" drawable="手机乐园（共存）" />

	<!-- 手机淘宝 -->
	<item component="ComponentInfo{com.taobao.taobao/com.taobao.tao.welcome.Welcome}" drawable="手机淘宝" />

	<!-- Security -->
	<item component="ComponentInfo{com.meizu.safe/com.meizu.safe.SecurityMainActivity}" drawable="security" />

	<!-- CamScanner -->
	<item component="ComponentInfo{com.intsig.camscanner/com.intsig.camscanner.WelcomeActivity}" drawable="camscanner" />

	<!-- 护眼宝精简版 -->
	<item component="ComponentInfo{protect.eye.filterv/protect.eye.filterv.ConfigActivity}" drawable="护眼宝精简版" />

	<!-- DontCrashMe -->
	<item component="ComponentInfo{nnnn.aaaaa.nevercrash/nnnn.aaaaa.nevercrash.MainActivity}" drawable="dontcrashme" />

	<!-- 搜狗输入法 -->
	<item component="ComponentInfo{com.sohu.inputmethod.sogou/com.sohu.inputmethod.sogou.SogouIMELauncher}" drawable="搜狗输入法" />

	<!-- Search Lite -->
	<item component="ComponentInfo{com.orekie.search/com.orekie.search.components.EntryActivity}" drawable="search_lite" />

	<!-- Alipay -->
	<item component="ComponentInfo{com.eg.android.AlipayGphone/com.eg.android.AlipayGphone.AlipayLogin}" drawable="alipay" />

	<!-- Files -->
	<item component="ComponentInfo{com.meizu.filemanager/com.meizu.flyme.filemanager.activity.HomeActivity}" drawable="files" />

	<!-- 斗地主 -->
	<item component="ComponentInfo{com.cnvcs.ddz/com.cnvcs.App}" drawable="斗地主" />

	<!-- News -->
	<item component="ComponentInfo{com.meizu.media.reader/com.meizu.media.reader.ReaderMainActivity}" drawable="news" />

	<!-- 无障碍-Daemon -->
	<item component="ComponentInfo{com.mx.accessibilitycontroller/com.mx.accessibilitycontroller.ui.activity.MainActivity}" drawable="无障碍-daemon" />

	<!-- Calendar -->
	<item component="ComponentInfo{com.android.calendar/com.meizu.flyme.calendar.AllInOneActivity}" drawable="calendar" />

	<!-- Clock -->
	<item component="ComponentInfo{com.android.alarmclock/com.meizu.flyme.alarmclock.DeskClock}" drawable="clock" />

	<!-- 有道云笔记 -->
	<item component="ComponentInfo{com.youdao.note/com.youdao.note.activity2.SplashActivity}" drawable="有道云笔记" />

	<!-- Barcode Scanner+ -->
	<item component="ComponentInfo{com.srowen.bs.android/com.srowen.bs.android.CaptureActivity}" drawable="barcode_scanner+" />

	<!-- 水星路由 -->
	<item component="ComponentInfo{com.mercury.mercuryrouter/com.mercury.mercuryrouter.LaunchActivity}" drawable="水星路由" />

	<!-- Fruit Ninja -->
	<item component="ComponentInfo{com.halfbrick.fruitninjafree/com.halfbrick.mortar.MortarGameLauncherActivity}" drawable="fruit_ninja" />

	<!-- Browser -->
	<item component="ComponentInfo{com.android.browser/com.android.browser.BrowserActivity}" drawable="browser" />

	<!-- Game Center -->
	<item component="ComponentInfo{com.meizu.flyme.gamecenter/com.meizu.flyme.gamecenter.activity.GameMainActivity}" drawable="game_center" />

	<!-- LongScreenshot -->
	<item component="ComponentInfo{me.pkhope.longscreenshot/me.pkhope.longscreenshot.activity.MainActivity}" drawable="longscreenshot" />

	<!-- 滴答清单 -->
	<item component="ComponentInfo{cn.ticktick.task/com.ticktick.task.activity.MeTaskActivity}" drawable="滴答清单" />

	<!-- Photo Editor -->
	<item component="ComponentInfo{com.iudesk.android.photo.editor/app.activity.MainActivity}" drawable="photo editor" />

	<!-- 爱吾游戏宝盒 -->
	<item component="ComponentInfo{com.aiwu.market/com.aiwu.market.ui.activity.SplashActivity}" drawable="爱吾游戏宝盒" />

	<!-- Life -->
	<item component="ComponentInfo{com.meizu.media.life/com.meizu.media.life.home.HomeActivity}" drawable="life" />

	<!-- Phone -->
	<item component="ComponentInfo{com.android.dialer/com.android.dialer.DialtactsActivity}" drawable="phone" />

	<!-- Coves -->
	<item component="ComponentInfo{com.ppyg.timer/com.ppyg.timer.ui.SplashActivity}" drawable="coves" />

	<!-- 百分网 -->
	<item component="ComponentInfo{com.byfen.market/com.byfen.market.mvp.impl.view.aty.SplashActivity}" drawable="百分网" />

	<!-- 百度网盘 -->
	<item component="ComponentInfo{com.baidu.netdisk/com.baidu.netdisk.ui.Navigate}" drawable="百度网盘" />

	<!-- 百度贴吧 -->
	<item component="ComponentInfo{com.baidu.tieba/com.baidu.tieba.LogoActivity}" drawable="百度贴吧" />

	<!-- Camera -->
	<item component="ComponentInfo{org.cyanogenmod.snap/com.android.camera.CameraLauncher}" drawable="camera" />

	<!-- Camera -->
	<item component="ComponentInfo{com.meizu.media.camera/com.meizu.media.camera.CameraLauncher}" drawable="camera" />

	<!-- 磁力BT搜索 -->
	<item component="ComponentInfo{net.sugarcode.netdiskclient/net.sugarcode.netdiskclient.splashScreen}" drawable="磁力bt搜索" />

	<!-- Videos -->
	<item component="ComponentInfo{com.meizu.media.video/com.meizu.media.video.VideoMainActivity}" drawable="videos" />

	<!-- Benefits Center -->
	<item component="ComponentInfo{com.meizu.compaign/com.meizu.welfarecentre.modules.home.HomePagerActivity}" drawable="benefits_center" />

	<!-- Update -->
	<item component="ComponentInfo{com.meizu.flyme.update/com.meizu.flyme.update.SystemUpgradeListActivity}" drawable="update" />

	<!-- System launcher -->
	<item component="ComponentInfo{com.meizu.flyme.launcher/com.meizu.flyme.launcher.Launcher}" drawable="system_launcher" />

	<!-- 缓存视频合并 -->
	<item component="ComponentInfo{com.lambdax.videojoiner/com.lambdax.videojoiner.MainActivity}" drawable="缓存视频合并" />

	<!-- 网易严选 -->
	<item component="ComponentInfo{com.netease.yanxuan/com.netease.yanxuan.module.splash.SplashActivity}" drawable="网易严选" />

	<!-- NetEase Music -->
	<item component="ComponentInfo{com.netease.cloudmusic/com.netease.cloudmusic.activity.LoadingActivity}" drawable="netease_music" />

	<!-- 网易帐号管家 -->
	<item component="ComponentInfo{com.netease.urs.android.accountmanager/com.netease.urs.android.accountmanager.activity.StartupActivity}" drawable="网易帐号管家" />

	<!-- 网易手游管家 -->
	<item component="ComponentInfo{com.netease.gamebox/com.netease.gamebox.ui.AdActivity}" drawable="网易手游管家" />

	<!-- Translate -->
	<item component="ComponentInfo{com.google.android.apps.translate/com.google.android.apps.translate.TranslateActivity}" drawable="translate" />

	<!-- 自由之战 -->
	<item component="ComponentInfo{com.dw.fs.anzhi/com.channel.sdk.Splash}" drawable="自由之战" />

	<!-- Pedometer -->
	<item component="ComponentInfo{com.meizu.net.pedometer/com.meizu.net.pedometer.ui.PedometerMainActivitys}" drawable="pedometer" />

	<!-- Calculator -->
	<item component="ComponentInfo{com.meizu.flyme.calculator/com.meizu.flyme.calculator.Calculator}" drawable="calculator" />

	<!-- Settings -->
	<item component="ComponentInfo{com.android.settings/com.android.settings.Settings}" drawable="settings" />

	<!-- SmartVoice -->
	<item component="ComponentInfo{com.meizu.voiceassistant/com.meizu.voiceassistant.MainActivity}" drawable="smartvoice" />

	<!-- EBook -->
	<item component="ComponentInfo{com.meizu.media.ebook/com.meizu.media.ebook.EBookActivity}" drawable="ebook" />

	<!-- Palette -->
	<item component="ComponentInfo{com.By_syk.Palette/com.By_syk.Palette.PaletteActivity}" drawable="palette" />

	<!-- 豆瓣 -->
	<item component="ComponentInfo{com.douban.frodo/com.douban.frodo.activity.SplashActivity}" drawable="豆瓣" />

	<!-- CZ TextEditor -->
	<item component="ComponentInfo{com.chaozhuo.texteditor/com.chaozhuo.texteditor.activity.TextEditorMainActivity}" drawable="cz_texteditor" />

	<!-- 迅雷 -->
	<item component="ComponentInfo{com.xunlei.downloadprovider/com.xunlei.downloadprovider.launch.LaunchActivity}" drawable="迅雷" />

	<!-- Hack Connectivity Service -->
	<item component="ComponentInfo{org.tracetool.hackconnectivityservice/org.tracetool.hackconnectivityservice.MainActivity}" drawable="hack_connectivity_service" />

	<!-- Email -->
	<item component="ComponentInfo{com.android.email/com.android.email.activity.EmailActivity}" drawable="email" />

	<!-- CoolApk -->
	<item component="ComponentInfo{com.coolapk.market/com.coolapk.market.view.main.MainActivity}" drawable="coolapk" />

	<!-- 金山词霸 -->
	<item component="ComponentInfo{com.kingsoft/com.kingsoft.StartActivity}" drawable="金山词霸" />

	<!-- Titanium Backup -->
	<item component="ComponentInfo{com.keramidas.TitaniumBackup/com.keramidas.TitaniumBackup.MainActivity}" drawable="titanium_backup" />

	<!-- Wallet -->
	<item component="ComponentInfo{com.meizu.flyme.wallet/com.meizu.flyme.wallet.activity.WalletTabActivity}" drawable="wallet" />

	<!-- Smartisan BigBang -->
	<item component="ComponentInfo{com.forfan.bigbang/com.forfan.bigbang.component.activity.SplashActivity}" drawable="smartisan_bigbang" />

	<!-- 闲云五子棋 -->
	<item component="ComponentInfo{com.freecloud.fiarow/com.freecloud.fiarow.main.MainActivity}" drawable="闲云五子棋" />

	<!-- 闲鱼 -->
	<item component="ComponentInfo{com.taobao.idlefish/com.taobao.fleamarket.home.activity.InitActivity.Round}" drawable="闲鱼" />

	<!-- Prevent Running -->
	<item component="ComponentInfo{me.piebridge.forcestopgb/me.piebridge.prevent.ui1.MainActivity}" drawable="prevent_running" />

	<!-- StockSettings -->
	<item component="ComponentInfo{com.wuxianlin.stocksettings/com.wuxianlin.stocksettings.MainActivity}" drawable="stocksettings" />

	<!-- 随身风暴英雄 -->
	<item component="ComponentInfo{ne.hs.hsapp/ne.hs.hsapp.hero.activity.LauncherActivity}" drawable="随身风暴英雄" />

	<!-- Moon+ Reader Pro -->
	<item component="ComponentInfo{com.flyersoft.moonreaderp/com.flyersoft.moonreaderp.ActivityMain}" drawable="moon+_reader_pro" />

	<!-- Music -->
	<item component="ComponentInfo{com.meizu.media.music/com.meizu.media.music.MusicActivity}" drawable="music" />

	<!-- Amap -->
	<item component="ComponentInfo{com.autonavi.minimap/com.autonavi.map.activity.SplashActivity}" drawable="amap" />

</resources>