<appmap>

	<!-- 24PI -->
	<item class="com.dlj24pi.android" name="24pi" />

	<!-- AccuWeather -->
	<item class="com.accuweather.android" name="accuweather" />

	<!-- ACR -->
	<item class="com.nll.acr" name="acr" />

	<!-- Activity Launcher -->
	<item class="de.szalkowski.activitylauncher" name="activity_launcher" />

	<!-- ADM Pro -->
	<item class="com.dv.adm.pay" name="adm_pro" />

	<!-- AndreamNote -->
	<item class="com.andreamapp.note" name="andreamnote" />

	<!-- APKPure -->
	<item class="com.apkpure.aegon" name="apkpure" />

	<!-- ApkModifier -->
	<item class="zhao.apkmodifier" name="apkmodifier" />

	<!-- App Ops -->
	<item class="rikka.appops" name="app_ops" />

	<!-- App Settings -->
	<item class="de.robv.android.xposed.mods.appsettings" name="app_settings" />

	<!-- ASR -->
	<item class="com.nll.asr" name="asr" />

	<!-- AudioFX -->
	<item class="org.cyanogenmod.audiofx" name="audiofx" />

	<!-- AVnight -->
	<item class="com.avnight" name="avnight" />

	<!-- bilibili link -->
	<item class="com.bilibili.bilibililive" name="bilibili_link" />

	<!-- BSPlayer -->
	<item class="com.bsplayer.bspandroid.full" name="bsplayer" />

	<!-- Bullet Force -->
	<item class="com.blayzegames.iosfps" name="bullet_force" />

	<!-- Candy Crush Saga -->
	<item class="com.king.candycrushsaga" name="candy_crush_saga" />

	<!-- CandyBar Demo -->
	<item class="com.material.dashboard.candybar.demo" name="candybar_demo" />

	<!-- cnβ -->
	<item class="me.yugy.cnbeta" name="cnβ" />

	<!-- Cut the Rope Free -->
	<item class="com.zeptolab.ctr.ads" name="cut_the_rope_free" />

	<!-- FBReader Premium -->
	<item class="com.fbreader" name="fbreader_premium" />

	<!-- Firefox -->
	<item class="org.mozilla.firefox" name="firefox" />

	<!-- Flyme社区 -->
	<item class="com.meizu.flyme.flymebbs" name="flyme社区" />

	<!-- ForceLTE -->
	<item class="com.xsquarestudio.forcelte" name="forcelte" />

	<!-- Fulscrn Free -->
	<item class="me.dt2dev.fullscreen.free" name="fulscrn_free" />

	<!-- Game -->
	<item class="com.zostyskqjkudfqvfubgk" name="game" />

	<!-- Game -->
	<item class="com.zostyskqjkudfqvfubgk" name="game" />

	<!-- GetIcon -->
	<item class="com.air.geticon" name="geticon" />

	<!-- GravityBox [MM] -->
	<item class="com.ceco.marshmallow.gravitybox" name="gravitybox_[mm]" />

	<!-- KeepVid -->
	<item class="com.keepvid.studio" name="keepvid" />

	<!-- LastPass -->
	<item class="com.lastpass.lpandroid" name="lastpass" />

	<!-- Meeye Iconpack -->
	<item class="com.yeyebbc.meeye.iconpack" name="meeye_iconpack" />

	<!-- MEGA -->
	<item class="mega.privacy.android.app" name="mega" />

	<!-- Mi Launcher -->
	<item class="com.mi.launcher" name="mi_launcher" />

	<!-- MT管理器 -->
	<item class="bin.mt" name="mt管理器" />

	<!-- MT Manager -->
	<item class="bin.mt.plus" name="mt_manager" />

	<!-- MX Player Pro -->
	<item class="com.mxtech.videoplayer.pro" name="mx_player_pro" />

	<!-- NanoIconPack Sample -->
	<item class="com.by_syk.nanoiconpack.sample" name="nanoiconpack_sample" />

	<!-- NanoConsole -->
	<item class="pdc.by.syk.nano.iconpack" name="nanoconsole" />

	<!-- Nova Launcher -->
	<item class="com.teslacoilsw.launcher" name="nova_launcher" />

	<!-- OK Golf -->
	<item class="com.okidokico.okgolfmod" name="ok_golf" />

	<!-- PaTaPon -->
	<item class="com.pinmon.PataponRevenge91" name="patapon" />

	<!-- Phonograph -->
	<item class="com.kabouzeid.gramophone" name="phonograph" />

	<!-- Google Play Store -->
	<item class="com.android.vending" name="google_play_store" />

	<!-- PPTV -->
	<item class="com.pplive.androidphone" name="pptv" />

	<!-- Pure IconPack -->
	<item class="me.morirain.dev.iconpack.pure" name="pure_iconpack" />

	<!-- QQ -->
	<item class="com.tencent.mobileqq" name="qq" />

	<!-- QQ浏览器 -->
	<item class="com.tencent.mtt" name="qq浏览器" />

	<!-- QQ邮箱 -->
	<item class="com.tencent.androidqqmail" name="qq邮箱" />

	<!-- QQMusic -->
	<item class="com.tencent.qqmusic" name="qqmusic" />

	<!-- QuickSupport -->
	<item class="com.teamviewer.quicksupport.market" name="quicksupport" />

	<!-- Shadow Fight 2 -->
	<item class="com.nekki.shadowfight" name="shadow_fight_2" />

	<!-- Solid Explorer -->
	<item class="pl.solidexplorer2" name="solid_explorer" />

	<!-- Sorcery Icons -->
	<item class="com.sorcerer.sorcery.iconpack" name="sorcery_icons" />

	<!-- SSR -->
	<item class="in.zhaoj.shadowsocksr" name="ssr" />

	<!-- Steam -->
	<item class="com.valvesoftware.android.steam.community" name="steam" />

	<!-- Subway Surf -->
	<item class="com.kiloo.subwaysurf" name="subway_surf" />

	<!-- SuperSU -->
	<item class="eu.chainfire.supersu" name="supersu" />

	<!-- SuperVPN -->
	<item class="com.chengcheng.FreeVPN" name="supervpn" />

	<!-- TapTap -->
	<item class="com.taptap" name="taptap" />

	<!-- TA的风格 -->
	<item class="com.his.style.iconpack" name="ta的风格" />

	<!-- TeamViewer -->
	<item class="com.teamviewer.teamviewer.market.mobile" name="teamviewer" />

	<!-- Via -->
	<item class="mark.via" name="via" />

	<!-- Village -->
	<item class="com.downloading.main.baiduyundownload" name="village" />

	<!-- ViPER4Android FX -->
	<item class="com.audlabs.viperfx" name="viper4android_fx" />

	<!-- WiFi密码查看 -->
	<item class="wilk.wifi.pwd" name="wifi密码查看" />

	<!-- WPS Office -->
	<item class="cn.wps.moffice_eng" name="wps_office" />

	<!-- Xposed Installer -->
	<item class="de.robv.android.xposed.installer" name="xposed_installer" />

	<!-- YouTube -->
	<item class="com.google.android.youtube" name="youtube" />

	<!-- µTorrent -->
	<item class="com.utorrent.client" name="µtorrent" />

	<!-- 万能视频播放器 -->
	<item class="com.kk.xx.player" name="万能视频播放器" />

	<!-- Download -->
	<item class="com.android.providers.downloads.ui" name="download" />

	<!-- Themes -->
	<item class="com.meizu.customizecenter" name="themes" />

	<!-- Drive -->
	<item class="com.google.android.apps.docs" name="drive" />

	<!-- 京东 -->
	<item class="com.jingdong.app.mall" name="京东" />

	<!-- 优选 -->
	<item class="com.meizu.flyme.mall" name="优选" />

	<!-- Notes -->
	<item class="com.meizu.notepaper" name="notes" />

	<!-- Messages -->
	<item class="com.android.mms" name="messages" />

	<!-- 元气骑士 -->
	<item class="com.chillyroom.soulknight.gourd" name="元气骑士" />

	<!-- 动漫之家 -->
	<item class="com.dmzj.manhua" name="动漫之家" />

	<!-- 包名查看 -->
	<item class="com.xcn.baoming" name="包名查看" />

	<!-- System app remover pro -->
	<item class="com.jumobile.manager.systemapp.pro" name="system_app_remover_pro" />

	<!-- Koubei -->
	<item class="com.taobao.mobile.dipei" name="koubei" />

	<!-- bilibili -->
	<item class="tv.danmaku.bili" name="bilibili" />

	<!-- 唯品会 -->
	<item class="com.achievo.vipshop" name="唯品会" />

	<!-- Gallery -->
	<item class="com.meizu.media.gallery" name="gallery" />

	<!-- Maps -->
	<item class="com.meizu.net.map" name="maps" />

	<!-- Nutstore -->
	<item class="nutstore.android" name="nutstore" />

	<!-- 多看阅读 -->
	<item class="com.duokan.reader" name="多看阅读" />

	<!-- Weather -->
	<item class="com.meizu.flyme.weather" name="weather" />

	<!-- Quark Browser -->
	<item class="com.quark.browser" name="quark_browser" />

	<!-- ToolWiz Privacy -->
	<item class="com.toolwiz.privacy" name="toolwiz_privacy" />

	<!-- Xiaomi Market -->
	<item class="com.xiaomi.market" name="xiaomi_market" />

	<!-- Happy Chick -->
	<item class="com.xiaoji.emulator" name="happy_chick" />

	<!-- Toolbox -->
	<item class="com.meizu.flyme.toolbox" name="toolbox" />

	<!-- Lucky Patcher -->
	<item class="com.android.vending.billing.InAppBillingService.CLON" name="lucky_patcher" />

	<!-- AppEnv -->
	<item class="com.sollyu.android.appenv" name="appenv" />

	<!-- App Store -->
	<item class="com.meizu.mstore" name="app_store" />

	<!-- 开发者助手 -->
	<item class="com.toshiba_dealin.developerhelper" name="开发者助手" />

	<!-- 当乐 -->
	<item class="com.diguayouxi" name="当乐" />

	<!-- Recorder -->
	<item class="com.android.soundrecorder" name="recorder" />

	<!-- Shadowsocks -->
	<item class="com.github.shadowsocks" name="shadowsocks" />

	<!-- WeChat -->
	<item class="com.tencent.mm" name="wechat" />

	<!-- CM Swipe -->
	<item class="com.cmcm.iswipe" name="cm_swipe" />

	<!-- QuickPic -->
	<item class="com.alensw.PicFolder" name="quickpic" />

	<!-- 手机乐园 -->
	<item class="cn.com.shouji.market" name="手机乐园" />

	<!-- 手机乐园（共存） -->
	<item class="cn.com.shouji.markeu" name="手机乐园（共存）" />

	<!-- 手机淘宝 -->
	<item class="com.taobao.taobao" name="手机淘宝" />

	<!-- Security -->
	<item class="com.meizu.safe" name="security" />

	<!-- CamScanner -->
	<item class="com.intsig.camscanner" name="camscanner" />

	<!-- 护眼宝精简版 -->
	<item class="protect.eye.filterv" name="护眼宝精简版" />

	<!-- DontCrashMe -->
	<item class="nnnn.aaaaa.nevercrash" name="dontcrashme" />

	<!-- 搜狗输入法 -->
	<item class="com.sohu.inputmethod.sogou" name="搜狗输入法" />

	<!-- Search Lite -->
	<item class="com.orekie.search" name="search_lite" />

	<!-- Alipay -->
	<item class="com.eg.android.AlipayGphone" name="alipay" />

	<!-- Files -->
	<item class="com.meizu.filemanager" name="files" />

	<!-- 斗地主 -->
	<item class="com.cnvcs.ddz" name="斗地主" />

	<!-- News -->
	<item class="com.meizu.media.reader" name="news" />

	<!-- 无障碍-Daemon -->
	<item class="com.mx.accessibilitycontroller" name="无障碍-daemon" />

	<!-- Calendar -->
	<item class="com.android.calendar" name="calendar" />

	<!-- Clock -->
	<item class="com.android.alarmclock" name="clock" />

	<!-- 有道云笔记 -->
	<item class="com.youdao.note" name="有道云笔记" />

	<!-- Barcode Scanner+ -->
	<item class="com.srowen.bs.android" name="barcode_scanner+" />

	<!-- 水星路由 -->
	<item class="com.mercury.mercuryrouter" name="水星路由" />

	<!-- Fruit Ninja -->
	<item class="com.halfbrick.fruitninjafree" name="fruit_ninja" />

	<!-- Browser -->
	<item class="com.android.browser" name="browser" />

	<!-- Game Center -->
	<item class="com.meizu.flyme.gamecenter" name="game_center" />

	<!-- LongScreenshot -->
	<item class="me.pkhope.longscreenshot" name="longscreenshot" />

	<!-- 滴答清单 -->
	<item class="cn.ticktick.task" name="滴答清单" />

	<!-- Photo Editor -->
	<item class="com.iudesk.android.photo.editor" name="photo editor" />

	<!-- 爱吾游戏宝盒 -->
	<item class="com.aiwu.market" name="爱吾游戏宝盒" />

	<!-- Life -->
	<item class="com.meizu.media.life" name="life" />

	<!-- Phone -->
	<item class="com.android.dialer" name="phone" />

	<!-- Coves -->
	<item class="com.ppyg.timer" name="coves" />

	<!-- 百分网 -->
	<item class="com.byfen.market" name="百分网" />

	<!-- 百度网盘 -->
	<item class="com.baidu.netdisk" name="百度网盘" />

	<!-- 百度贴吧 -->
	<item class="com.baidu.tieba" name="百度贴吧" />

	<!-- Camera -->
	<item class="org.cyanogenmod.snap" name="camera" />

	<!-- Camera -->
	<item class="com.meizu.media.camera" name="camera" />

	<!-- 磁力BT搜索 -->
	<item class="net.sugarcode.netdiskclient" name="磁力bt搜索" />

	<!-- Videos -->
	<item class="com.meizu.media.video" name="videos" />

	<!-- Benefits Center -->
	<item class="com.meizu.compaign" name="benefits_center" />

	<!-- Update -->
	<item class="com.meizu.flyme.update" name="update" />

	<!-- System launcher -->
	<item class="com.meizu.flyme.launcher" name="system_launcher" />

	<!-- 缓存视频合并 -->
	<item class="com.lambdax.videojoiner" name="缓存视频合并" />

	<!-- 网易严选 -->
	<item class="com.netease.yanxuan" name="网易严选" />

	<!-- NetEase Music -->
	<item class="com.netease.cloudmusic" name="netease_music" />

	<!-- 网易帐号管家 -->
	<item class="com.netease.urs.android.accountmanager" name="网易帐号管家" />

	<!-- 网易手游管家 -->
	<item class="com.netease.gamebox" name="网易手游管家" />

	<!-- Translate -->
	<item class="com.google.android.apps.translate" name="translate" />

	<!-- 自由之战 -->
	<item class="com.dw.fs.anzhi" name="自由之战" />

	<!-- Pedometer -->
	<item class="com.meizu.net.pedometer" name="pedometer" />

	<!-- Calculator -->
	<item class="com.meizu.flyme.calculator" name="calculator" />

	<!-- Settings -->
	<item class="com.android.settings" name="settings" />

	<!-- SmartVoice -->
	<item class="com.meizu.voiceassistant" name="smartvoice" />

	<!-- EBook -->
	<item class="com.meizu.media.ebook" name="ebook" />

	<!-- Palette -->
	<item class="com.By_syk.Palette" name="palette" />

	<!-- 豆瓣 -->
	<item class="com.douban.frodo" name="豆瓣" />

	<!-- CZ TextEditor -->
	<item class="com.chaozhuo.texteditor" name="cz_texteditor" />

	<!-- 迅雷 -->
	<item class="com.xunlei.downloadprovider" name="迅雷" />

	<!-- Hack Connectivity Service -->
	<item class="org.tracetool.hackconnectivityservice" name="hack_connectivity_service" />

	<!-- Email -->
	<item class="com.android.email" name="email" />

	<!-- CoolApk -->
	<item class="com.coolapk.market" name="coolapk" />

	<!-- 金山词霸 -->
	<item class="com.kingsoft" name="金山词霸" />

	<!-- Titanium Backup -->
	<item class="com.keramidas.TitaniumBackup" name="titanium_backup" />

	<!-- Wallet -->
	<item class="com.meizu.flyme.wallet" name="wallet" />

	<!-- Smartisan BigBang -->
	<item class="com.forfan.bigbang" name="smartisan_bigbang" />

	<!-- 闲云五子棋 -->
	<item class="com.freecloud.fiarow" name="闲云五子棋" />

	<!-- 闲鱼 -->
	<item class="com.taobao.idlefish" name="闲鱼" />

	<!-- Prevent Running -->
	<item class="me.piebridge.forcestopgb" name="prevent_running" />

	<!-- StockSettings -->
	<item class="com.wuxianlin.stocksettings" name="stocksettings" />

	<!-- 随身风暴英雄 -->
	<item class="ne.hs.hsapp" name="随身风暴英雄" />

	<!-- Moon+ Reader Pro -->
	<item class="com.flyersoft.moonreaderp" name="moon+_reader_pro" />

	<!-- Music -->
	<item class="com.meizu.media.music" name="music" />

	<!-- Amap -->
	<item class="com.autonavi.minimap" name="amap" />

</appmap>