<Theme version="1">

	<!-- 24PI -->
	<AppIcon name="com.dlj24pi.android/com.dlj24pi.android.activity.StartActivity" image="24pi" />

	<!-- AccuWeather -->
	<AppIcon name="com.accuweather.android/com.accuweather.app.SplashScreen" image="accuweather" />

	<!-- ACR -->
	<AppIcon name="com.nll.acr/com.nll.acr.activity.MainActivity" image="acr" />

	<!-- Activity Launcher -->
	<AppIcon name="de.szalkowski.activitylauncher/de.szalkowski.activitylauncher.MainActivity" image="activity_launcher" />

	<!-- ADM Pro -->
	<AppIcon name="com.dv.adm.pay/com.dv.adm.pay.Main" image="adm_pro" />

	<!-- AndreamNote -->
	<AppIcon name="com.andreamapp.note/com.andreamapp.note.ui.MemoListActivity" image="andreamnote" />

	<!-- APKPure -->
	<AppIcon name="com.apkpure.aegon/com.apkpure.aegon.activities.SplashActivity" image="apkpure" />

	<!-- ApkModifier -->
	<AppIcon name="zhao.apkmodifier/zhao.apkmodifier.ApkModifier" image="apkmodifier" />

	<!-- App Ops -->
	<AppIcon name="rikka.appops/rikka.appops.SplashActivity" image="app_ops" />

	<!-- App Settings -->
	<AppIcon name="de.robv.android.xposed.mods.appsettings/de.robv.android.xposed.mods.appsettings.XposedModActivity" image="app_settings" />

	<!-- ASR -->
	<AppIcon name="com.nll.asr/com.nll.asr.activity.MainActivity" image="asr" />

	<!-- AudioFX -->
	<AppIcon name="org.cyanogenmod.audiofx/org.cyanogenmod.audiofx.activity.ActivityMusic" image="audiofx" />

	<!-- AVnight -->
	<AppIcon name="com.avnight/com.avnight.LandingActivity" image="avnight" />

	<!-- bilibili link -->
	<AppIcon name="com.bilibili.bilibililive/com.bilibili.bilibililive.splash.SplashActivity" image="bilibili_link" />

	<!-- BSPlayer -->
	<AppIcon name="com.bsplayer.bspandroid.full/com.bsplayer.bsplayeran.BSPMain_new" image="bsplayer" />

	<!-- Bullet Force -->
	<AppIcon name="com.blayzegames.iosfps/com.unity3d.player.UnityPlayerNativeActivity" image="bullet_force" />

	<!-- Candy Crush Saga -->
	<AppIcon name="com.king.candycrushsaga/com.king.candycrushsaga.CandyCrushSagaActivity" image="candy_crush_saga" />

	<!-- CandyBar Demo -->
	<AppIcon name="com.material.dashboard.candybar.demo/com.yourpackage.anotherpackage.anotherone.activities.SplashActivity" image="candybar_demo" />

	<!-- cnβ -->
	<AppIcon name="me.yugy.cnbeta/me.yugy.cnbeta.activity.MainActivity" image="cnβ" />

	<!-- Cut the Rope Free -->
	<AppIcon name="com.zeptolab.ctr.ads/com.tencent.mobileqq.openpay.v1.e.ccccc" image="cut_the_rope_free" />

	<!-- FBReader Premium -->
	<AppIcon name="com.fbreader/com.fbreader.android.fbreader.FBReader" image="fbreader_premium" />

	<!-- Firefox -->
	<AppIcon name="org.mozilla.firefox/org.mozilla.firefox.App" image="firefox" />

	<!-- Flyme社区 -->
	<AppIcon name="com.meizu.flyme.flymebbs/com.meizu.flyme.flymebbs.activity.WelcomeActivity" image="flyme社区" />

	<!-- ForceLTE -->
	<AppIcon name="com.xsquarestudio.forcelte/com.xsquarestudio.forcelte.MainActivity" image="forcelte" />

	<!-- Fulscrn Free -->
	<AppIcon name="me.dt2dev.fullscreen.free/me.dt2dev.fullscreen.ui.MainActivity" image="fulscrn_free" />

	<!-- Game -->
	<AppIcon name="com.zostyskqjkudfqvfubgk/com.zostyskqjkudfqvfubgk.Main" image="game" />

	<!-- Game -->
	<AppIcon name="com.zostyskqjkudfqvfubgk/com.zostyskqjkudfqvfubgk.MainActivity" image="game" />

	<!-- GetIcon -->
	<AppIcon name="com.air.geticon/com.air.geticon.MainActivity" image="geticon" />

	<!-- GravityBox [MM] -->
	<AppIcon name="com.ceco.marshmallow.gravitybox/com.ceco.marshmallow.gravitybox.GravityBoxSettingsAlias" image="gravitybox_[mm]" />

	<!-- KeepVid -->
	<AppIcon name="com.keepvid.studio/com.keepvid.studio.SplashActivity" image="keepvid" />

	<!-- LastPass -->
	<AppIcon name="com.lastpass.lpandroid/com.lastpass.lpandroid.activity.WebBrowserActivity" image="lastpass" />

	<!-- Meeye Iconpack -->
	<AppIcon name="com.yeyebbc.meeye.iconpack/com.yeyebbc.meeye.iconpack.activities.SplashActivity" image="meeye_iconpack" />

	<!-- MEGA -->
	<AppIcon name="mega.privacy.android.app/mega.privacy.android.app.LauncherActivity" image="mega" />

	<!-- Mi Launcher -->
	<AppIcon name="com.mi.launcher/com.mi.launcher.Launcher" image="mi_launcher" />

	<!-- MT管理器 -->
	<AppIcon name="bin.mt/bin.mt.Main" image="mt管理器" />

	<!-- MT Manager -->
	<AppIcon name="bin.mt.plus/bin.mt.plus.Main" image="mt_manager" />

	<!-- MX Player Pro -->
	<AppIcon name="com.mxtech.videoplayer.pro/com.mxtech.videoplayer.pro.ActivityMediaList" image="mx_player_pro" />

	<!-- NanoIconPack Sample -->
	<AppIcon name="com.by_syk.nanoiconpack.sample/com.by_syk.lib.nanoiconpack.MainActivity" image="nanoiconpack_sample" />

	<!-- NanoConsole -->
	<AppIcon name="pdc.by.syk.nano.iconpack/com.uzmap.pkg.EntranceActivity" image="nanoconsole" />

	<!-- Nova Launcher -->
	<AppIcon name="com.teslacoilsw.launcher/com.teslacoilsw.launcher.NovaShortcutHandler" image="nova_launcher" />

	<!-- OK Golf -->
	<AppIcon name="com.okidokico.okgolfmod/com.unity3d.player.UnityPlayerActivity" image="ok_golf" />

	<!-- PaTaPon -->
	<AppIcon name="com.pinmon.PataponRevenge91/com.pinmon.PataponRevenge91.MainActivity" image="patapon" />

	<!-- Phonograph -->
	<AppIcon name="com.kabouzeid.gramophone/com.kabouzeid.gramophone.ui.activities.MainActivity" image="phonograph" />

	<!-- Google Play Store -->
	<AppIcon name="com.android.vending/com.android.vending.AssetBrowserActivity" image="google_play_store" />

	<!-- PPTV -->
	<AppIcon name="com.pplive.androidphone/com.pplive.androidphone.ui.FirstActivity" image="pptv" />

	<!-- Pure IconPack -->
	<AppIcon name="me.morirain.dev.iconpack.pure/com.by_syk.lib.nanoiconpack.MainActivity" image="pure_iconpack" />

	<!-- QQ -->
	<AppIcon name="com.tencent.mobileqq/com.tencent.mobileqq.activity.SplashActivity" image="qq" />

	<!-- QQ浏览器 -->
	<AppIcon name="com.tencent.mtt/com.tencent.mtt.SplashActivity" image="qq浏览器" />

	<!-- QQ邮箱 -->
	<AppIcon name="com.tencent.androidqqmail/com.tencent.qqmail.launcher.desktop.LauncherActivity" image="qq邮箱" />

	<!-- QQMusic -->
	<AppIcon name="com.tencent.qqmusic/com.tencent.qqmusic.activity.AppStarterActivity" image="qqmusic" />

	<!-- QuickSupport -->
	<AppIcon name="com.teamviewer.quicksupport.market/com.teamviewer.quicksupport.ui.QSActivity" image="quicksupport" />

	<!-- Shadow Fight 2 -->
	<AppIcon name="com.nekki.shadowfight/com.aiwu.Splash" image="shadow_fight_2" />

	<!-- Solid Explorer -->
	<AppIcon name="pl.solidexplorer2/pl.solidexplorer.SolidExplorer" image="solid_explorer" />

	<!-- Sorcery Icons -->
	<AppIcon name="com.sorcerer.sorcery.iconpack/com.sorcerer.sorcery.iconpack.MainActivity" image="sorcery_icons" />

	<!-- SSR -->
	<AppIcon name="in.zhaoj.shadowsocksr/com.github.shadowsocks.Shadowsocks" image="ssr" />

	<!-- Steam -->
	<AppIcon name="com.valvesoftware.android.steam.community/com.valvesoftware.android.steam.community.activity.MainActivity" image="steam" />

	<!-- Subway Surf -->
	<AppIcon name="com.kiloo.subwaysurf/com.kiloo.unityutilities.UnityPluginActivity" image="subway_surf" />

	<!-- SuperSU -->
	<AppIcon name="eu.chainfire.supersu/eu.chainfire.supersu.MainActivity-Material" image="supersu" />

	<!-- SuperVPN -->
	<AppIcon name="com.chengcheng.FreeVPN/com.chengcheng.FreeVPN.SplashActivity" image="supervpn" />

	<!-- TapTap -->
	<AppIcon name="com.taptap/com.play.taptap.ui.MainAct" image="taptap" />

	<!-- TA的风格 -->
	<AppIcon name="com.his.style.iconpack/com.his.style.iconpack.activities.SplashActivity" image="ta的风格" />

	<!-- TeamViewer -->
	<AppIcon name="com.teamviewer.teamviewer.market.mobile/com.teamviewer.remotecontrollib.activity.MainActivity" image="teamviewer" />

	<!-- Via -->
	<AppIcon name="mark.via/mark.via.ui.activity.BrowserActivity" image="via" />

	<!-- Village -->
	<AppIcon name="com.downloading.main.baiduyundownload/com.downloading.main.baiduyundownload.splash.S" image="village" />

	<!-- ViPER4Android FX -->
	<AppIcon name="com.audlabs.viperfx/com.audlabs.viperfx.main.MainActivity" image="viper4android_fx" />

	<!-- WiFi密码查看 -->
	<AppIcon name="wilk.wifi.pwd/wilk.wifi.pwd.ui.MainActivity" image="wifi密码查看" />

	<!-- WPS Office -->
	<AppIcon name="cn.wps.moffice_eng/cn.wps.moffice.documentmanager.PreStartActivity" image="wps_office" />

	<!-- Xposed Installer -->
	<AppIcon name="de.robv.android.xposed.installer/de.robv.android.xposed.installer.WelcomeActivitydvdandroid" image="xposed_installer" />

	<!-- YouTube -->
	<AppIcon name="com.google.android.youtube/com.google.android.youtube.app.honeycomb.Shell$HomeActivity" image="youtube" />

	<!-- µTorrent -->
	<AppIcon name="com.utorrent.client/com.bittorrent.client.Main" image="µtorrent" />

	<!-- 万能视频播放器 -->
	<AppIcon name="com.kk.xx.player/com.kk.xx.player.SplashActivity" image="万能视频播放器" />

	<!-- Download -->
	<AppIcon name="com.android.providers.downloads.ui/com.android.providers.downloads.ui.DownloadActivity" image="download" />

	<!-- Themes -->
	<AppIcon name="com.meizu.customizecenter/com.meizu.customizecenter.CustomizeCenterActivity" image="themes" />

	<!-- Drive -->
	<AppIcon name="com.google.android.apps.docs/com.google.android.apps.docs.app.NewMainProxyActivity" image="drive" />

	<!-- 京东 -->
	<AppIcon name="com.jingdong.app.mall/com.jingdong.app.mall.main.MainActivity" image="京东" />

	<!-- 优选 -->
	<AppIcon name="com.meizu.flyme.mall/com.meizu.flyme.mall.modules.home.HomeActivity" image="优选" />

	<!-- Notes -->
	<AppIcon name="com.meizu.notepaper/com.meizu.flyme.notepaper.app.NotePaperActivity" image="notes" />

	<!-- Messages -->
	<AppIcon name="com.android.mms/com.android.mms.ui.ConversationList" image="messages" />

	<!-- 元气骑士 -->
	<AppIcon name="com.chillyroom.soulknight.gourd/com.chillyroomsdk.gourd.MainActivity" image="元气骑士" />

	<!-- 动漫之家 -->
	<AppIcon name="com.dmzj.manhua/com.dmzj.manhua.ui.LaunchInterceptorActivity" image="动漫之家" />

	<!-- 包名查看 -->
	<AppIcon name="com.xcn.baoming/com.androlua.Welcome" image="包名查看" />

	<!-- System app remover pro -->
	<AppIcon name="com.jumobile.manager.systemapp.pro/com.jumobile.manager.systemapp.pro.ui.activity.IndexActivity" image="system_app_remover_pro" />

	<!-- Koubei -->
	<AppIcon name="com.taobao.mobile.dipei/com.eg.android.AlipayGphone.AlipayLogin" image="koubei" />

	<!-- bilibili -->
	<AppIcon name="tv.danmaku.bili/tv.danmaku.bili.ui.splash.SplashActivity" image="bilibili" />

	<!-- 唯品会 -->
	<AppIcon name="com.achievo.vipshop/com.achievo.vipshop.activity.LodingActivity" image="唯品会" />

	<!-- Gallery -->
	<AppIcon name="com.meizu.media.gallery/com.meizu.media.gallery.GalleryActivity" image="gallery" />

	<!-- Maps -->
	<AppIcon name="com.meizu.net.map/com.meizu.net.map.MainMapActivity" image="maps" />

	<!-- Nutstore -->
	<AppIcon name="nutstore.android/nutstore.android.SplashScreen" image="nutstore" />

	<!-- 多看阅读 -->
	<AppIcon name="com.duokan.reader/com.duokan.reader.DkReaderActivity" image="多看阅读" />

	<!-- Weather -->
	<AppIcon name="com.meizu.flyme.weather/com.meizu.flyme.weather.WeatherMainActivity" image="weather" />

	<!-- Quark Browser -->
	<AppIcon name="com.quark.browser/com.ucpro.MainActivity" image="quark_browser" />

	<!-- ToolWiz Privacy -->
	<AppIcon name="com.toolwiz.privacy/me.cleanwiz.sandbox.ui.activity.SplashActivity" image="toolwiz_privacy" />

	<!-- Xiaomi Market -->
	<AppIcon name="com.xiaomi.market/com.xiaomi.market.ui.MainTabActivity" image="xiaomi_market" />

	<!-- Happy Chick -->
	<AppIcon name="com.xiaoji.emulator/com.xiaoji.emulator.Entry" image="happy_chick" />

	<!-- Toolbox -->
	<AppIcon name="com.meizu.flyme.toolbox/com.meizu.flyme.toolbox.activity.ToolBoxActivity" image="toolbox" />

	<!-- Lucky Patcher -->
	<AppIcon name="com.android.vending.billing.InAppBillingService.CLON/com.android.vending.billing.InAppBillingService.CLON.MainActivity-Original" image="lucky_patcher" />

	<!-- AppEnv -->
	<AppIcon name="com.sollyu.android.appenv/com.sollyu.android.appenv.activity.ActivitySplash" image="appenv" />

	<!-- App Store -->
	<AppIcon name="com.meizu.mstore/com.meizu.flyme.appcenter.activitys.AppMainActivity" image="app_store" />

	<!-- 开发者助手 -->
	<AppIcon name="com.toshiba_dealin.developerhelper/com.toshiba_dealin.developerhelper.ui.activity.MainActivity" image="开发者助手" />

	<!-- 当乐 -->
	<AppIcon name="com.diguayouxi/com.diguayouxi.ui.FirstActivity" image="当乐" />

	<!-- Recorder -->
	<AppIcon name="com.android.soundrecorder/com.android.soundrecorder.MzRecorderActivity" image="recorder" />

	<!-- Shadowsocks -->
	<AppIcon name="com.github.shadowsocks/com.github.shadowsocks.MainActivity" image="shadowsocks" />

	<!-- WeChat -->
	<AppIcon name="com.tencent.mm/com.tencent.mm.ui.LauncherUI" image="wechat" />

	<!-- CM Swipe -->
	<AppIcon name="com.cmcm.iswipe/com.cmcm.iswipe.SwipeMainActivity" image="cm_swipe" />

	<!-- QuickPic -->
	<AppIcon name="com.alensw.PicFolder/com.alensw.PicFolder.GalleryActivity" image="quickpic" />

	<!-- 手机乐园 -->
	<AppIcon name="cn.com.shouji.market/cn.com.shouji.market.LogoActivity" image="手机乐园" />

	<!-- 手机乐园（共存） -->
	<AppIcon name="cn.com.shouji.markeu/cn.com.shouji.markeu.MainTabActivity" image="手机乐园（共存）" />

	<!-- 手机淘宝 -->
	<AppIcon name="com.taobao.taobao/com.taobao.tao.welcome.Welcome" image="手机淘宝" />

	<!-- Security -->
	<AppIcon name="com.meizu.safe/com.meizu.safe.SecurityMainActivity" image="security" />

	<!-- CamScanner -->
	<AppIcon name="com.intsig.camscanner/com.intsig.camscanner.WelcomeActivity" image="camscanner" />

	<!-- 护眼宝精简版 -->
	<AppIcon name="protect.eye.filterv/protect.eye.filterv.ConfigActivity" image="护眼宝精简版" />

	<!-- DontCrashMe -->
	<AppIcon name="nnnn.aaaaa.nevercrash/nnnn.aaaaa.nevercrash.MainActivity" image="dontcrashme" />

	<!-- 搜狗输入法 -->
	<AppIcon name="com.sohu.inputmethod.sogou/com.sohu.inputmethod.sogou.SogouIMELauncher" image="搜狗输入法" />

	<!-- Search Lite -->
	<AppIcon name="com.orekie.search/com.orekie.search.components.EntryActivity" image="search_lite" />

	<!-- Alipay -->
	<AppIcon name="com.eg.android.AlipayGphone/com.eg.android.AlipayGphone.AlipayLogin" image="alipay" />

	<!-- Files -->
	<AppIcon name="com.meizu.filemanager/com.meizu.flyme.filemanager.activity.HomeActivity" image="files" />

	<!-- 斗地主 -->
	<AppIcon name="com.cnvcs.ddz/com.cnvcs.App" image="斗地主" />

	<!-- News -->
	<AppIcon name="com.meizu.media.reader/com.meizu.media.reader.ReaderMainActivity" image="news" />

	<!-- 无障碍-Daemon -->
	<AppIcon name="com.mx.accessibilitycontroller/com.mx.accessibilitycontroller.ui.activity.MainActivity" image="无障碍-daemon" />

	<!-- Calendar -->
	<AppIcon name="com.android.calendar/com.meizu.flyme.calendar.AllInOneActivity" image="calendar" />

	<!-- Clock -->
	<AppIcon name="com.android.alarmclock/com.meizu.flyme.alarmclock.DeskClock" image="clock" />

	<!-- 有道云笔记 -->
	<AppIcon name="com.youdao.note/com.youdao.note.activity2.SplashActivity" image="有道云笔记" />

	<!-- Barcode Scanner+ -->
	<AppIcon name="com.srowen.bs.android/com.srowen.bs.android.CaptureActivity" image="barcode_scanner+" />

	<!-- 水星路由 -->
	<AppIcon name="com.mercury.mercuryrouter/com.mercury.mercuryrouter.LaunchActivity" image="水星路由" />

	<!-- Fruit Ninja -->
	<AppIcon name="com.halfbrick.fruitninjafree/com.halfbrick.mortar.MortarGameLauncherActivity" image="fruit_ninja" />

	<!-- Browser -->
	<AppIcon name="com.android.browser/com.android.browser.BrowserActivity" image="browser" />

	<!-- Game Center -->
	<AppIcon name="com.meizu.flyme.gamecenter/com.meizu.flyme.gamecenter.activity.GameMainActivity" image="game_center" />

	<!-- LongScreenshot -->
	<AppIcon name="me.pkhope.longscreenshot/me.pkhope.longscreenshot.activity.MainActivity" image="longscreenshot" />

	<!-- 滴答清单 -->
	<AppIcon name="cn.ticktick.task/com.ticktick.task.activity.MeTaskActivity" image="滴答清单" />

	<!-- Photo Editor -->
	<AppIcon name="com.iudesk.android.photo.editor/app.activity.MainActivity" image="photo editor" />

	<!-- 爱吾游戏宝盒 -->
	<AppIcon name="com.aiwu.market/com.aiwu.market.ui.activity.SplashActivity" image="爱吾游戏宝盒" />

	<!-- Life -->
	<AppIcon name="com.meizu.media.life/com.meizu.media.life.home.HomeActivity" image="life" />

	<!-- Phone -->
	<AppIcon name="com.android.dialer/com.android.dialer.DialtactsActivity" image="phone" />

	<!-- Coves -->
	<AppIcon name="com.ppyg.timer/com.ppyg.timer.ui.SplashActivity" image="coves" />

	<!-- 百分网 -->
	<AppIcon name="com.byfen.market/com.byfen.market.mvp.impl.view.aty.SplashActivity" image="百分网" />

	<!-- 百度网盘 -->
	<AppIcon name="com.baidu.netdisk/com.baidu.netdisk.ui.Navigate" image="百度网盘" />

	<!-- 百度贴吧 -->
	<AppIcon name="com.baidu.tieba/com.baidu.tieba.LogoActivity" image="百度贴吧" />

	<!-- Camera -->
	<AppIcon name="org.cyanogenmod.snap/com.android.camera.CameraLauncher" image="camera" />

	<!-- Camera -->
	<AppIcon name="com.meizu.media.camera/com.meizu.media.camera.CameraLauncher" image="camera" />

	<!-- 磁力BT搜索 -->
	<AppIcon name="net.sugarcode.netdiskclient/net.sugarcode.netdiskclient.splashScreen" image="磁力bt搜索" />

	<!-- Videos -->
	<AppIcon name="com.meizu.media.video/com.meizu.media.video.VideoMainActivity" image="videos" />

	<!-- Benefits Center -->
	<AppIcon name="com.meizu.compaign/com.meizu.welfarecentre.modules.home.HomePagerActivity" image="benefits_center" />

	<!-- Update -->
	<AppIcon name="com.meizu.flyme.update/com.meizu.flyme.update.SystemUpgradeListActivity" image="update" />

	<!-- System launcher -->
	<AppIcon name="com.meizu.flyme.launcher/com.meizu.flyme.launcher.Launcher" image="system_launcher" />

	<!-- 缓存视频合并 -->
	<AppIcon name="com.lambdax.videojoiner/com.lambdax.videojoiner.MainActivity" image="缓存视频合并" />

	<!-- 网易严选 -->
	<AppIcon name="com.netease.yanxuan/com.netease.yanxuan.module.splash.SplashActivity" image="网易严选" />

	<!-- NetEase Music -->
	<AppIcon name="com.netease.cloudmusic/com.netease.cloudmusic.activity.LoadingActivity" image="netease_music" />

	<!-- 网易帐号管家 -->
	<AppIcon name="com.netease.urs.android.accountmanager/com.netease.urs.android.accountmanager.activity.StartupActivity" image="网易帐号管家" />

	<!-- 网易手游管家 -->
	<AppIcon name="com.netease.gamebox/com.netease.gamebox.ui.AdActivity" image="网易手游管家" />

	<!-- Translate -->
	<AppIcon name="com.google.android.apps.translate/com.google.android.apps.translate.TranslateActivity" image="translate" />

	<!-- 自由之战 -->
	<AppIcon name="com.dw.fs.anzhi/com.channel.sdk.Splash" image="自由之战" />

	<!-- Pedometer -->
	<AppIcon name="com.meizu.net.pedometer/com.meizu.net.pedometer.ui.PedometerMainActivitys" image="pedometer" />

	<!-- Calculator -->
	<AppIcon name="com.meizu.flyme.calculator/com.meizu.flyme.calculator.Calculator" image="calculator" />

	<!-- Settings -->
	<AppIcon name="com.android.settings/com.android.settings.Settings" image="settings" />

	<!-- SmartVoice -->
	<AppIcon name="com.meizu.voiceassistant/com.meizu.voiceassistant.MainActivity" image="smartvoice" />

	<!-- EBook -->
	<AppIcon name="com.meizu.media.ebook/com.meizu.media.ebook.EBookActivity" image="ebook" />

	<!-- Palette -->
	<AppIcon name="com.By_syk.Palette/com.By_syk.Palette.PaletteActivity" image="palette" />

	<!-- 豆瓣 -->
	<AppIcon name="com.douban.frodo/com.douban.frodo.activity.SplashActivity" image="豆瓣" />

	<!-- CZ TextEditor -->
	<AppIcon name="com.chaozhuo.texteditor/com.chaozhuo.texteditor.activity.TextEditorMainActivity" image="cz_texteditor" />

	<!-- 迅雷 -->
	<AppIcon name="com.xunlei.downloadprovider/com.xunlei.downloadprovider.launch.LaunchActivity" image="迅雷" />

	<!-- Hack Connectivity Service -->
	<AppIcon name="org.tracetool.hackconnectivityservice/org.tracetool.hackconnectivityservice.MainActivity" image="hack_connectivity_service" />

	<!-- Email -->
	<AppIcon name="com.android.email/com.android.email.activity.EmailActivity" image="email" />

	<!-- CoolApk -->
	<AppIcon name="com.coolapk.market/com.coolapk.market.view.main.MainActivity" image="coolapk" />

	<!-- 金山词霸 -->
	<AppIcon name="com.kingsoft/com.kingsoft.StartActivity" image="金山词霸" />

	<!-- Titanium Backup -->
	<AppIcon name="com.keramidas.TitaniumBackup/com.keramidas.TitaniumBackup.MainActivity" image="titanium_backup" />

	<!-- Wallet -->
	<AppIcon name="com.meizu.flyme.wallet/com.meizu.flyme.wallet.activity.WalletTabActivity" image="wallet" />

	<!-- Smartisan BigBang -->
	<AppIcon name="com.forfan.bigbang/com.forfan.bigbang.component.activity.SplashActivity" image="smartisan_bigbang" />

	<!-- 闲云五子棋 -->
	<AppIcon name="com.freecloud.fiarow/com.freecloud.fiarow.main.MainActivity" image="闲云五子棋" />

	<!-- 闲鱼 -->
	<AppIcon name="com.taobao.idlefish/com.taobao.fleamarket.home.activity.InitActivity.Round" image="闲鱼" />

	<!-- Prevent Running -->
	<AppIcon name="me.piebridge.forcestopgb/me.piebridge.prevent.ui1.MainActivity" image="prevent_running" />

	<!-- StockSettings -->
	<AppIcon name="com.wuxianlin.stocksettings/com.wuxianlin.stocksettings.MainActivity" image="stocksettings" />

	<!-- 随身风暴英雄 -->
	<AppIcon name="ne.hs.hsapp/ne.hs.hsapp.hero.activity.LauncherActivity" image="随身风暴英雄" />

	<!-- Moon+ Reader Pro -->
	<AppIcon name="com.flyersoft.moonreaderp/com.flyersoft.moonreaderp.ActivityMain" image="moon+_reader_pro" />

	<!-- Music -->
	<AppIcon name="com.meizu.media.music/com.meizu.media.music.MusicActivity" image="music" />

	<!-- Amap -->
	<AppIcon name="com.autonavi.minimap/com.autonavi.map.activity.SplashActivity" image="amap" />

</Theme>