<resources>

	<!--  TT Note -->
	<item component="ComponentInfo{com.huawei.android.dsm.notepad/com.huawei.android.dsm.notepad.MainActivity}" drawable=" tt_note" />

	<!-- 360安全云盘 -->
	<item component="ComponentInfo{com.qihoo.cloudisk/com.qihoo.cloudisk.base.SplashActivity}" drawable="360安全云盘" />

	<!-- 百度云记事本 -->
	<item component="ComponentInfo{com.baidu.quickmind/com.baidu.quickmind.WelcomeActivity}" drawable="百度云记事本" />

	<!-- 便签 -->
	<item component="ComponentInfo{com.example.ljh99.note/com.example.ljh99.note.MainActivity}" drawable="便签" />

	<!-- 赤兔 -->
	<item component="ComponentInfo{com.linkedin.chitu/com.linkedin.chitu.home.SplashActivity}" drawable="赤兔" />

	<!-- Pure Writer -->
	<item component="ComponentInfo{com.drakeet.purewriter/com.drakeet.purewriter.WriterActivity}" drawable="pure_writer" />

	<!-- 道客阅读 -->
	<item component="ComponentInfo{com.doc88.reader/com.doc88.reader.activity._OOO0OO0000OO0OOO}" drawable="道客阅读" />

	<!-- Color -->
	<item component="ComponentInfo{com.cxwx.girldiary/com.color365.android.ui.activity.MainActivity}" drawable="color" />

	<!-- Pomotodo -->
	<item component="ComponentInfo{com.pomotodo/com.pomotodo.ui.activities.MainActivity}" drawable="pomotodo" />

	<!-- 方片记事 -->
	<item component="ComponentInfo{com.quickwis.record/com.quickwis.record.activity.home.HomeNoteActivity}" drawable="方片记事" />

	<!-- 高考妙记 -->
	<item component="ComponentInfo{com.toastmemo/com.toastmemo.ui.activity.LaunchActivity}" drawable="高考妙记" />

	<!-- 高效Todo -->
	<item component="ComponentInfo{net.icycloud.fdtodolist/net.icycloud.fdtodolist.Main}" drawable="高效todo" />

	<!-- 个人图书馆 -->
	<item component="ComponentInfo{com.doc360.client/com.doc360.client.activity.SplashScreenNew}" drawable="个人图书馆" />

	<!-- 公务员考试 -->
	<item component="ComponentInfo{com.up591.android/com.nd.smartcan.appfactory.demo.SplashActivity}" drawable="公务员考试" />

	<!-- 共享笔记 -->
	<item component="ComponentInfo{yyc.gxbj/yyc.gxbj.nameActivity}" drawable="共享笔记" />

	<!-- MixNote -->
	<item component="ComponentInfo{com.domobile.mixnote/com.domobile.notes.activity.MainActivity}" drawable="mixnote" />

	<!-- 记记日记 -->
	<item component="ComponentInfo{com.jiji/com.jiji.SplashActivity}" drawable="记记日记" />

	<!-- Canon PRINT Business -->
	<item component="ComponentInfo{jp.co.canon.oip.android.opal/jp.co.canon.oip.android.opal.ui.activity.MainActivity}" drawable="canon_print_business" />

	<!-- Clip Stack -->
	<item component="ComponentInfo{com.catchingnow.tinyclipboardmanager/com.catchingnow.tinyclipboardmanager.activity.ActivityMain}" drawable="clip_stack" />

	<!-- 骄傲的便签 -->
	<item component="ComponentInfo{com.hong.easynote/com.hong.easynote.MainActivity}" drawable="骄傲的便签" />

	<!-- 可可英语 -->
	<item component="ComponentInfo{com.kekeclient_/com.kekeclient.activity.InitActivity}" drawable="可可英语" />

	<!-- 拉勾 -->
	<item component="ComponentInfo{com.alpha.lagouapk/com.alpha.lagouapk.HelloActivity}" drawable="拉勾" />

	<!-- 烂笔头 -->
	<item component="ComponentInfo{com.ted.jots.myjot/com.ted.jots.myjot.main.MainActivity}" drawable="烂笔头" />

	<!-- 猎聘同道 -->
	<item component="ComponentInfo{com.lietou.mishu/com.lietou.mishu.activity.LPSecretaryActivity}" drawable="猎聘同道" />

	<!-- 麦库记事 -->
	<item component="ComponentInfo{com.snda.inote/com.snda.inote.activity.WelcomeActivity}" drawable="麦库记事" />

	<!-- Meizu Memos -->
	<item component="ComponentInfo{com.meizu.notes/com.meizu.flyme.notepaper.app.NoteSplashActivity}" drawable="meizu_memos" />

	<!-- CamCard -->
	<item component="ComponentInfo{com.intsig.BizCardReader/com.intsig.camcard.BcrFirstLaunchGuide}" drawable="camcard" />

	<!-- CamCard Business -->
	<item component="ComponentInfo{com.intsig.camcard.enterprise/com.intsig.camcard.enterprise.SplashActivity}" drawable="camcard_business" />

	<!-- Mingdao -->
	<item component="ComponentInfo{com.mingdao/com.mingdao.presentation.ui.login.WelcomeActivity}" drawable="mingdao" />

	<!-- 幕布 -->
	<item component="ComponentInfo{com.mubu.app/com.mubu.app.MainActivity}" drawable="幕布" />

	<!-- Wunderlist -->
	<item component="ComponentInfo{com.wunderkinder.wunderlistandroid/com.wunderkinder.wunderlistandroid.activity.WLMainFragmentActivity}" drawable="wunderlist" />

	<!-- 企查查企业信用查询 -->
	<item component="ComponentInfo{com.android.icredit/com.android.icredit.ui.SplashActivity}" drawable="企查查企业信用查询" />

	<!-- 启信宝 -->
	<item component="ComponentInfo{com.bertadata.qxb/com.bertadata.qxb.activity.SplashActivity}" drawable="启信宝" />

	<!-- 轻笔记 -->
	<item component="ComponentInfo{com.thinkernote.ThinkerNote/com.thinkernote.ThinkerNote.Activity.TNSplashAct}" drawable="轻笔记" />

	<!-- 石墨文档 -->
	<item component="ComponentInfo{chuxin.shimo.shimowendang/chuxin.shimo.shimowendang.MainActivity}" drawable="石墨文档" />

	<!-- 时光笔记 -->
	<item component="ComponentInfo{com.sendtion.timenote/com.sendtion.timenote.ui.MainActivity}" drawable="时光笔记" />

	<!-- TimePill -->
	<item component="ComponentInfo{com.dante.diary/com.dante.diary.login.LoginActivity}" drawable="timepill" />

	<!-- 思维简图 -->
	<item component="ComponentInfo{com.taguage.whatson.easymindmap/com.taguage.whatson.easymindmap.StartActivity}" drawable="思维简图" />

	<!-- GNotes -->
	<item component="ComponentInfo{org.dayup.gnotes/org.dayup.gnotes.GNotesListActivity}" drawable="gnotes" />

	<!-- FiiNote -->
	<item component="ComponentInfo{com.fiistudio.fiinote/com.fiistudio.fiinote.editor.FiiNote}" drawable="fiinote" />

	<!-- WizNote -->
	<item component="ComponentInfo{cn.wiz.note/cn.wiz.note.MainActivity}" drawable="wiznote" />

	<!-- One Diary -->
	<item component="ComponentInfo{com.chenupt.day/com.chenupt.day.launch.SplashActivity11}" drawable="one_diary" />

	<!-- Easymark -->
	<item component="ComponentInfo{me.tshine.easymark/me.tshine.easymark.activity.SplashActivity}" drawable="easymark" />

	<!-- Evernote -->
	<item component="ComponentInfo{com.evernote/com.evernote.ui.HomeActivity}" drawable="evernote" />

	<!-- 优记 -->
	<item component="ComponentInfo{com.ofans.lifer/com.ofans.lifer.PageOneActivity}" drawable="优记" />

	<!-- Docs Matter -->
	<item component="ComponentInfo{hotcard.doc.reader/com.yunmai.aipim.m.activity.MAguide}" drawable="docs_matter" />

	<!-- 云之家 -->
	<item component="ComponentInfo{com.kdweibo.client/com.kdweibo.android.ui.activity.StartActivity}" drawable="云之家" />

	<!-- 账号本子 -->
	<item component="ComponentInfo{com.wei.account/com.wei.account.activity.StartActivity}" drawable="账号本子" />

	<!-- 智联招聘 -->
	<item component="ComponentInfo{com.zhaopin.social/com.zhaopin.social.SplashActivity}" drawable="智联招聘" />

	<!-- Adobe Scan -->
	<item component="ComponentInfo{com.adobe.scan.android/com.adobe.scan.android.SplashActivity}" drawable="adobe_scan" />

	<!-- Notes -->
	<item component="ComponentInfo{com.gionee.aminote/com.gionee.note.HomeActivity}" drawable="notes" />

	<!-- Any.do -->
	<item component="ComponentInfo{com.anydo/com.anydo.activity.SplashActivity}" drawable="any.do" />

	<!-- Authenticator -->
	<item component="ComponentInfo{com.azure.authenticator/com.azure.authenticator.ui.MainActivity}" drawable="authenticator" />

	<!-- BearyChat -->
	<item component="ComponentInfo{com.bearyinnovative.horcrux/com.bearyinnovative.horcrux.ui.SubdomainActivity}" drawable="bearychat" />

	<!-- CAD Pockets -->
	<item component="ComponentInfo{com.ZWSoft.ZWCAD/com.ZWSoft.ZWCAD.Activity.ZWSplashActivity}" drawable="cad_pockets" />

	<!-- IUNI Note -->
	<item component="ComponentInfo{com.aurora.note/com.aurora.note.NoteStartActivity}" drawable="iuni_note" />

	<!-- Life -->
	<item component="ComponentInfo{com.life.droid/com.life.droid.activity.PasswordActivity}" drawable="life" />

	<!-- Lithium -->
	<item component="ComponentInfo{com.faultexception.reader/com.faultexception.reader.MainActivity}" drawable="lithium" />

	<!-- Microsoft Excel -->
	<item component="ComponentInfo{com.microsoft.office.excel/com.microsoft.office.apphost.LaunchActivity}" drawable="microsoft_excel" />

	<!-- Microsoft Office Mobile -->
	<item component="ComponentInfo{com.microsoft.office.officehub/com.microsoft.office.officesuite.OfficeSuiteActivity}" drawable="microsoft_office_mobile" />

	<!-- Microsoft PowerPoint -->
	<item component="ComponentInfo{com.microsoft.office.powerpoint/com.microsoft.office.apphost.LaunchActivity}" drawable="microsoft_powerpoint" />

	<!-- Microsoft Word -->
	<item component="ComponentInfo{com.microsoft.office.word/com.microsoft.office.apphost.LaunchActivity}" drawable="microsoft_word" />

	<!-- Mindjet Maps -->
	<item component="ComponentInfo{net.thinkingspace/com.mindjet.android.ui.LauncherActivity}" drawable="mindjet_maps" />

	<!-- Notebook -->
	<item component="ComponentInfo{com.zoho.notebook/com.zoho.notebook.activities.NoteBookActivity}" drawable="notebook" />

	<!-- Notes -->
	<item component="ComponentInfo{com.revodroid.notes.notes/com.revodroid.notes.notes.LauncherActivity}" drawable="notes" />

	<!-- OneNote -->
	<item component="ComponentInfo{com.microsoft.office.onenote/com.microsoft.office.onenote.ui.ONMSplashActivity}" drawable="onenote" />

	<!-- Parchi -->
	<item component="ComponentInfo{com.microsoft.bites/com.microsoft.ui.LandingActivity}" drawable="parchi" />

	<!-- Polaris Office -->
	<item component="ComponentInfo{com.infraware.office.link/com.infraware.service.ActLauncher}" drawable="polaris_office" />

	<!-- Polaris Office -->
	<item component="ComponentInfo{com.infraware.office.link.china/com.infraware.service.ActLauncher}" drawable="polaris_office" />

	<!-- Taguage -->
	<item component="ComponentInfo{com.taguage.neo/com.taguage.neo.PrefaceActivity}" drawable="taguage" />

	<!-- Teambition -->
	<item component="ComponentInfo{com.teambition.teambition/com.teambition.teambition.home.HomeActivity}" drawable="teambition" />

	<!-- To-Do -->
	<item component="ComponentInfo{com.microsoft.todos/com.microsoft.todos.ui.LaunchActivity}" drawable="to-do" />

	<!-- WeicoNote -->
	<item component="ComponentInfo{com.weico.weiconotepro/com.weico.weiconotepro.SplashActivity}" drawable="weiconote" />

	<!-- Worktile Basic -->
	<item component="ComponentInfo{com.worktile/com.worktile.ui.external.WelcomeActivity}" drawable="worktile_basic" />

	<!-- WPS Note -->
	<item component="ComponentInfo{cn.wps.note/cn.wps.note.StartActivity}" drawable="wps_note" />

	<!-- XyMemo -->
	<item component="ComponentInfo{com.naxy.xymemo/com.naxy.xymemo.activity.ActivityMain}" drawable="xymemo" />

</resources>