<appmap>

	<!--  TT Note -->
	<item class="com.huawei.android.dsm.notepad.MainActivity" name=" tt_note" />

	<!-- 360安全云盘 -->
	<item class="com.qihoo.cloudisk.base.SplashActivity" name="360安全云盘" />

	<!-- 百度云记事本 -->
	<item class="com.baidu.quickmind.WelcomeActivity" name="百度云记事本" />

	<!-- 便签 -->
	<item class="com.example.ljh99.note.MainActivity" name="便签" />

	<!-- 赤兔 -->
	<item class="com.linkedin.chitu.home.SplashActivity" name="赤兔" />

	<!-- Pure Writer -->
	<item class="com.drakeet.purewriter.WriterActivity" name="pure_writer" />

	<!-- 道客阅读 -->
	<item class="com.doc88.reader.activity._OOO0OO0000OO0OOO" name="道客阅读" />

	<!-- Color -->
	<item class="com.color365.android.ui.activity.MainActivity" name="color" />

	<!-- Pomotodo -->
	<item class="com.pomotodo.ui.activities.MainActivity" name="pomotodo" />

	<!-- 方片记事 -->
	<item class="com.quickwis.record.activity.home.HomeNoteActivity" name="方片记事" />

	<!-- 高考妙记 -->
	<item class="com.toastmemo.ui.activity.LaunchActivity" name="高考妙记" />

	<!-- 高效Todo -->
	<item class="net.icycloud.fdtodolist.Main" name="高效todo" />

	<!-- 个人图书馆 -->
	<item class="com.doc360.client.activity.SplashScreenNew" name="个人图书馆" />

	<!-- 公务员考试 -->
	<item class="com.nd.smartcan.appfactory.demo.SplashActivity" name="公务员考试" />

	<!-- 共享笔记 -->
	<item class="yyc.gxbj.nameActivity" name="共享笔记" />

	<!-- MixNote -->
	<item class="com.domobile.notes.activity.MainActivity" name="mixnote" />

	<!-- 记记日记 -->
	<item class="com.jiji.SplashActivity" name="记记日记" />

	<!-- Canon PRINT Business -->
	<item class="jp.co.canon.oip.android.opal.ui.activity.MainActivity" name="canon_print_business" />

	<!-- Clip Stack -->
	<item class="com.catchingnow.tinyclipboardmanager.activity.ActivityMain" name="clip_stack" />

	<!-- 骄傲的便签 -->
	<item class="com.hong.easynote.MainActivity" name="骄傲的便签" />

	<!-- 可可英语 -->
	<item class="com.kekeclient.activity.InitActivity" name="可可英语" />

	<!-- 拉勾 -->
	<item class="com.alpha.lagouapk.HelloActivity" name="拉勾" />

	<!-- 烂笔头 -->
	<item class="com.ted.jots.myjot.main.MainActivity" name="烂笔头" />

	<!-- 猎聘同道 -->
	<item class="com.lietou.mishu.activity.LPSecretaryActivity" name="猎聘同道" />

	<!-- 麦库记事 -->
	<item class="com.snda.inote.activity.WelcomeActivity" name="麦库记事" />

	<!-- Meizu Memos -->
	<item class="com.meizu.flyme.notepaper.app.NoteSplashActivity" name="meizu_memos" />

	<!-- CamCard -->
	<item class="com.intsig.camcard.BcrFirstLaunchGuide" name="camcard" />

	<!-- CamCard Business -->
	<item class="com.intsig.camcard.enterprise.SplashActivity" name="camcard_business" />

	<!-- Mingdao -->
	<item class="com.mingdao.presentation.ui.login.WelcomeActivity" name="mingdao" />

	<!-- 幕布 -->
	<item class="com.mubu.app.MainActivity" name="幕布" />

	<!-- Wunderlist -->
	<item class="com.wunderkinder.wunderlistandroid.activity.WLMainFragmentActivity" name="wunderlist" />

	<!-- 企查查企业信用查询 -->
	<item class="com.android.icredit.ui.SplashActivity" name="企查查企业信用查询" />

	<!-- 启信宝 -->
	<item class="com.bertadata.qxb.activity.SplashActivity" name="启信宝" />

	<!-- 轻笔记 -->
	<item class="com.thinkernote.ThinkerNote.Activity.TNSplashAct" name="轻笔记" />

	<!-- 石墨文档 -->
	<item class="chuxin.shimo.shimowendang.MainActivity" name="石墨文档" />

	<!-- 时光笔记 -->
	<item class="com.sendtion.timenote.ui.MainActivity" name="时光笔记" />

	<!-- TimePill -->
	<item class="com.dante.diary.login.LoginActivity" name="timepill" />

	<!-- 思维简图 -->
	<item class="com.taguage.whatson.easymindmap.StartActivity" name="思维简图" />

	<!-- GNotes -->
	<item class="org.dayup.gnotes.GNotesListActivity" name="gnotes" />

	<!-- FiiNote -->
	<item class="com.fiistudio.fiinote.editor.FiiNote" name="fiinote" />

	<!-- WizNote -->
	<item class="cn.wiz.note.MainActivity" name="wiznote" />

	<!-- One Diary -->
	<item class="com.chenupt.day.launch.SplashActivity11" name="one_diary" />

	<!-- Easymark -->
	<item class="me.tshine.easymark.activity.SplashActivity" name="easymark" />

	<!-- Evernote -->
	<item class="com.evernote.ui.HomeActivity" name="evernote" />

	<!-- 优记 -->
	<item class="com.ofans.lifer.PageOneActivity" name="优记" />

	<!-- Docs Matter -->
	<item class="com.yunmai.aipim.m.activity.MAguide" name="docs_matter" />

	<!-- 云之家 -->
	<item class="com.kdweibo.android.ui.activity.StartActivity" name="云之家" />

	<!-- 账号本子 -->
	<item class="com.wei.account.activity.StartActivity" name="账号本子" />

	<!-- 智联招聘 -->
	<item class="com.zhaopin.social.SplashActivity" name="智联招聘" />

	<!-- Adobe Scan -->
	<item class="com.adobe.scan.android.SplashActivity" name="adobe_scan" />

	<!-- Notes -->
	<item class="com.gionee.note.HomeActivity" name="notes" />

	<!-- Any.do -->
	<item class="com.anydo.activity.SplashActivity" name="any.do" />

	<!-- Authenticator -->
	<item class="com.azure.authenticator.ui.MainActivity" name="authenticator" />

	<!-- BearyChat -->
	<item class="com.bearyinnovative.horcrux.ui.SubdomainActivity" name="bearychat" />

	<!-- CAD Pockets -->
	<item class="com.ZWSoft.ZWCAD.Activity.ZWSplashActivity" name="cad_pockets" />

	<!-- IUNI Note -->
	<item class="com.aurora.note.NoteStartActivity" name="iuni_note" />

	<!-- Life -->
	<item class="com.life.droid.activity.PasswordActivity" name="life" />

	<!-- Lithium -->
	<item class="com.faultexception.reader.MainActivity" name="lithium" />

	<!-- Microsoft Excel -->
	<item class="com.microsoft.office.apphost.LaunchActivity" name="microsoft_excel" />

	<!-- Microsoft Office Mobile -->
	<item class="com.microsoft.office.officesuite.OfficeSuiteActivity" name="microsoft_office_mobile" />

	<!-- Microsoft PowerPoint -->
	<item class="com.microsoft.office.apphost.LaunchActivity" name="microsoft_powerpoint" />

	<!-- Microsoft Word -->
	<item class="com.microsoft.office.apphost.LaunchActivity" name="microsoft_word" />

	<!-- Mindjet Maps -->
	<item class="com.mindjet.android.ui.LauncherActivity" name="mindjet_maps" />

	<!-- Notebook -->
	<item class="com.zoho.notebook.activities.NoteBookActivity" name="notebook" />

	<!-- Notes -->
	<item class="com.revodroid.notes.notes.LauncherActivity" name="notes" />

	<!-- OneNote -->
	<item class="com.microsoft.office.onenote.ui.ONMSplashActivity" name="onenote" />

	<!-- Parchi -->
	<item class="com.microsoft.ui.LandingActivity" name="parchi" />

	<!-- Polaris Office -->
	<item class="com.infraware.service.ActLauncher" name="polaris_office" />

	<!-- Polaris Office -->
	<item class="com.infraware.service.ActLauncher" name="polaris_office" />

	<!-- Taguage -->
	<item class="com.taguage.neo.PrefaceActivity" name="taguage" />

	<!-- Teambition -->
	<item class="com.teambition.teambition.home.HomeActivity" name="teambition" />

	<!-- To-Do -->
	<item class="com.microsoft.todos.ui.LaunchActivity" name="to-do" />

	<!-- WeicoNote -->
	<item class="com.weico.weiconotepro.SplashActivity" name="weiconote" />

	<!-- Worktile Basic -->
	<item class="com.worktile.ui.external.WelcomeActivity" name="worktile_basic" />

	<!-- WPS Note -->
	<item class="cn.wps.note.StartActivity" name="wps_note" />

	<!-- XyMemo -->
	<item class="com.naxy.xymemo.activity.ActivityMain" name="xymemo" />

</appmap>