<Theme version="1">

	<!--  TT Note -->
	<AppIcon name="com.huawei.android.dsm.notepad/com.huawei.android.dsm.notepad.MainActivity" image=" tt_note" />

	<!-- 360安全云盘 -->
	<AppIcon name="com.qihoo.cloudisk/com.qihoo.cloudisk.base.SplashActivity" image="360安全云盘" />

	<!-- 百度云记事本 -->
	<AppIcon name="com.baidu.quickmind/com.baidu.quickmind.WelcomeActivity" image="百度云记事本" />

	<!-- 便签 -->
	<AppIcon name="com.example.ljh99.note/com.example.ljh99.note.MainActivity" image="便签" />

	<!-- 赤兔 -->
	<AppIcon name="com.linkedin.chitu/com.linkedin.chitu.home.SplashActivity" image="赤兔" />

	<!-- Pure Writer -->
	<AppIcon name="com.drakeet.purewriter/com.drakeet.purewriter.WriterActivity" image="pure_writer" />

	<!-- 道客阅读 -->
	<AppIcon name="com.doc88.reader/com.doc88.reader.activity._OOO0OO0000OO0OOO" image="道客阅读" />

	<!-- Color -->
	<AppIcon name="com.cxwx.girldiary/com.color365.android.ui.activity.MainActivity" image="color" />

	<!-- Pomotodo -->
	<AppIcon name="com.pomotodo/com.pomotodo.ui.activities.MainActivity" image="pomotodo" />

	<!-- 方片记事 -->
	<AppIcon name="com.quickwis.record/com.quickwis.record.activity.home.HomeNoteActivity" image="方片记事" />

	<!-- 高考妙记 -->
	<AppIcon name="com.toastmemo/com.toastmemo.ui.activity.LaunchActivity" image="高考妙记" />

	<!-- 高效Todo -->
	<AppIcon name="net.icycloud.fdtodolist/net.icycloud.fdtodolist.Main" image="高效todo" />

	<!-- 个人图书馆 -->
	<AppIcon name="com.doc360.client/com.doc360.client.activity.SplashScreenNew" image="个人图书馆" />

	<!-- 公务员考试 -->
	<AppIcon name="com.up591.android/com.nd.smartcan.appfactory.demo.SplashActivity" image="公务员考试" />

	<!-- 共享笔记 -->
	<AppIcon name="yyc.gxbj/yyc.gxbj.nameActivity" image="共享笔记" />

	<!-- MixNote -->
	<AppIcon name="com.domobile.mixnote/com.domobile.notes.activity.MainActivity" image="mixnote" />

	<!-- 记记日记 -->
	<AppIcon name="com.jiji/com.jiji.SplashActivity" image="记记日记" />

	<!-- Canon PRINT Business -->
	<AppIcon name="jp.co.canon.oip.android.opal/jp.co.canon.oip.android.opal.ui.activity.MainActivity" image="canon_print_business" />

	<!-- Clip Stack -->
	<AppIcon name="com.catchingnow.tinyclipboardmanager/com.catchingnow.tinyclipboardmanager.activity.ActivityMain" image="clip_stack" />

	<!-- 骄傲的便签 -->
	<AppIcon name="com.hong.easynote/com.hong.easynote.MainActivity" image="骄傲的便签" />

	<!-- 可可英语 -->
	<AppIcon name="com.kekeclient_/com.kekeclient.activity.InitActivity" image="可可英语" />

	<!-- 拉勾 -->
	<AppIcon name="com.alpha.lagouapk/com.alpha.lagouapk.HelloActivity" image="拉勾" />

	<!-- 烂笔头 -->
	<AppIcon name="com.ted.jots.myjot/com.ted.jots.myjot.main.MainActivity" image="烂笔头" />

	<!-- 猎聘同道 -->
	<AppIcon name="com.lietou.mishu/com.lietou.mishu.activity.LPSecretaryActivity" image="猎聘同道" />

	<!-- 麦库记事 -->
	<AppIcon name="com.snda.inote/com.snda.inote.activity.WelcomeActivity" image="麦库记事" />

	<!-- Meizu Memos -->
	<AppIcon name="com.meizu.notes/com.meizu.flyme.notepaper.app.NoteSplashActivity" image="meizu_memos" />

	<!-- CamCard -->
	<AppIcon name="com.intsig.BizCardReader/com.intsig.camcard.BcrFirstLaunchGuide" image="camcard" />

	<!-- CamCard Business -->
	<AppIcon name="com.intsig.camcard.enterprise/com.intsig.camcard.enterprise.SplashActivity" image="camcard_business" />

	<!-- Mingdao -->
	<AppIcon name="com.mingdao/com.mingdao.presentation.ui.login.WelcomeActivity" image="mingdao" />

	<!-- 幕布 -->
	<AppIcon name="com.mubu.app/com.mubu.app.MainActivity" image="幕布" />

	<!-- Wunderlist -->
	<AppIcon name="com.wunderkinder.wunderlistandroid/com.wunderkinder.wunderlistandroid.activity.WLMainFragmentActivity" image="wunderlist" />

	<!-- 企查查企业信用查询 -->
	<AppIcon name="com.android.icredit/com.android.icredit.ui.SplashActivity" image="企查查企业信用查询" />

	<!-- 启信宝 -->
	<AppIcon name="com.bertadata.qxb/com.bertadata.qxb.activity.SplashActivity" image="启信宝" />

	<!-- 轻笔记 -->
	<AppIcon name="com.thinkernote.ThinkerNote/com.thinkernote.ThinkerNote.Activity.TNSplashAct" image="轻笔记" />

	<!-- 石墨文档 -->
	<AppIcon name="chuxin.shimo.shimowendang/chuxin.shimo.shimowendang.MainActivity" image="石墨文档" />

	<!-- 时光笔记 -->
	<AppIcon name="com.sendtion.timenote/com.sendtion.timenote.ui.MainActivity" image="时光笔记" />

	<!-- TimePill -->
	<AppIcon name="com.dante.diary/com.dante.diary.login.LoginActivity" image="timepill" />

	<!-- 思维简图 -->
	<AppIcon name="com.taguage.whatson.easymindmap/com.taguage.whatson.easymindmap.StartActivity" image="思维简图" />

	<!-- GNotes -->
	<AppIcon name="org.dayup.gnotes/org.dayup.gnotes.GNotesListActivity" image="gnotes" />

	<!-- FiiNote -->
	<AppIcon name="com.fiistudio.fiinote/com.fiistudio.fiinote.editor.FiiNote" image="fiinote" />

	<!-- WizNote -->
	<AppIcon name="cn.wiz.note/cn.wiz.note.MainActivity" image="wiznote" />

	<!-- One Diary -->
	<AppIcon name="com.chenupt.day/com.chenupt.day.launch.SplashActivity11" image="one_diary" />

	<!-- Easymark -->
	<AppIcon name="me.tshine.easymark/me.tshine.easymark.activity.SplashActivity" image="easymark" />

	<!-- Evernote -->
	<AppIcon name="com.evernote/com.evernote.ui.HomeActivity" image="evernote" />

	<!-- 优记 -->
	<AppIcon name="com.ofans.lifer/com.ofans.lifer.PageOneActivity" image="优记" />

	<!-- Docs Matter -->
	<AppIcon name="hotcard.doc.reader/com.yunmai.aipim.m.activity.MAguide" image="docs_matter" />

	<!-- 云之家 -->
	<AppIcon name="com.kdweibo.client/com.kdweibo.android.ui.activity.StartActivity" image="云之家" />

	<!-- 账号本子 -->
	<AppIcon name="com.wei.account/com.wei.account.activity.StartActivity" image="账号本子" />

	<!-- 智联招聘 -->
	<AppIcon name="com.zhaopin.social/com.zhaopin.social.SplashActivity" image="智联招聘" />

	<!-- Adobe Scan -->
	<AppIcon name="com.adobe.scan.android/com.adobe.scan.android.SplashActivity" image="adobe_scan" />

	<!-- Notes -->
	<AppIcon name="com.gionee.aminote/com.gionee.note.HomeActivity" image="notes" />

	<!-- Any.do -->
	<AppIcon name="com.anydo/com.anydo.activity.SplashActivity" image="any.do" />

	<!-- Authenticator -->
	<AppIcon name="com.azure.authenticator/com.azure.authenticator.ui.MainActivity" image="authenticator" />

	<!-- BearyChat -->
	<AppIcon name="com.bearyinnovative.horcrux/com.bearyinnovative.horcrux.ui.SubdomainActivity" image="bearychat" />

	<!-- CAD Pockets -->
	<AppIcon name="com.ZWSoft.ZWCAD/com.ZWSoft.ZWCAD.Activity.ZWSplashActivity" image="cad_pockets" />

	<!-- IUNI Note -->
	<AppIcon name="com.aurora.note/com.aurora.note.NoteStartActivity" image="iuni_note" />

	<!-- Life -->
	<AppIcon name="com.life.droid/com.life.droid.activity.PasswordActivity" image="life" />

	<!-- Lithium -->
	<AppIcon name="com.faultexception.reader/com.faultexception.reader.MainActivity" image="lithium" />

	<!-- Microsoft Excel -->
	<AppIcon name="com.microsoft.office.excel/com.microsoft.office.apphost.LaunchActivity" image="microsoft_excel" />

	<!-- Microsoft Office Mobile -->
	<AppIcon name="com.microsoft.office.officehub/com.microsoft.office.officesuite.OfficeSuiteActivity" image="microsoft_office_mobile" />

	<!-- Microsoft PowerPoint -->
	<AppIcon name="com.microsoft.office.powerpoint/com.microsoft.office.apphost.LaunchActivity" image="microsoft_powerpoint" />

	<!-- Microsoft Word -->
	<AppIcon name="com.microsoft.office.word/com.microsoft.office.apphost.LaunchActivity" image="microsoft_word" />

	<!-- Mindjet Maps -->
	<AppIcon name="net.thinkingspace/com.mindjet.android.ui.LauncherActivity" image="mindjet_maps" />

	<!-- Notebook -->
	<AppIcon name="com.zoho.notebook/com.zoho.notebook.activities.NoteBookActivity" image="notebook" />

	<!-- Notes -->
	<AppIcon name="com.revodroid.notes.notes/com.revodroid.notes.notes.LauncherActivity" image="notes" />

	<!-- OneNote -->
	<AppIcon name="com.microsoft.office.onenote/com.microsoft.office.onenote.ui.ONMSplashActivity" image="onenote" />

	<!-- Parchi -->
	<AppIcon name="com.microsoft.bites/com.microsoft.ui.LandingActivity" image="parchi" />

	<!-- Polaris Office -->
	<AppIcon name="com.infraware.office.link/com.infraware.service.ActLauncher" image="polaris_office" />

	<!-- Polaris Office -->
	<AppIcon name="com.infraware.office.link.china/com.infraware.service.ActLauncher" image="polaris_office" />

	<!-- Taguage -->
	<AppIcon name="com.taguage.neo/com.taguage.neo.PrefaceActivity" image="taguage" />

	<!-- Teambition -->
	<AppIcon name="com.teambition.teambition/com.teambition.teambition.home.HomeActivity" image="teambition" />

	<!-- To-Do -->
	<AppIcon name="com.microsoft.todos/com.microsoft.todos.ui.LaunchActivity" image="to-do" />

	<!-- WeicoNote -->
	<AppIcon name="com.weico.weiconotepro/com.weico.weiconotepro.SplashActivity" image="weiconote" />

	<!-- Worktile Basic -->
	<AppIcon name="com.worktile/com.worktile.ui.external.WelcomeActivity" image="worktile_basic" />

	<!-- WPS Note -->
	<AppIcon name="cn.wps.note/cn.wps.note.StartActivity" image="wps_note" />

	<!-- XyMemo -->
	<AppIcon name="com.naxy.xymemo/com.naxy.xymemo.activity.ActivityMain" image="xymemo" />

</Theme>