<resources>

	<!-- 单车蓝牙 -->
	<item component="ComponentInfo{com.gy.xposed.blike/com.gy.xposed.bilke.MainActivity}" drawable="单车蓝牙" />

	<!-- 弹幕通知 -->
	<item component="ComponentInfo{com.k99k5.danmu/com.ea.runtime.android.mainActivity}" drawable="弹幕通知" />

	<!-- 钉钉红包 -->
	<item component="ComponentInfo{me.veryyoung.dingding.luckymoney/me.veryyoung.dingding.luckymoney.SettingsActivity}" drawable="钉钉红包" />

	<!-- 对话框取消 -->
	<item component="ComponentInfo{com.mhook.dialog/com.mhook.dialog.AppList-alias}" drawable="对话框取消" />

	<!-- Colorful Wechat -->
	<item component="ComponentInfo{com.rarnu.tophighlight/com.rarnu.tophighlight.MainActivity}" drawable="colorful_wechat" />

	<!-- 分身大师X版 -->
	<item component="ComponentInfo{com.qihoo.magic.xposed/com.qihoo.magic.splash.AppEnterActivity}" drawable="分身大师x版" />

	<!-- 核心破解 -->
	<item component="ComponentInfo{com.coderstory.toolkit/toolkit.coderstory.com.toolkit.MainActivity}" drawable="核心破解" />

	<!-- BlackNavigationBar -->
	<item component="ComponentInfo{com.yuanwofei.blacknavigationbar/com.yuanwofei.blacknavigationbar.MainActivity}" drawable="blacknavigationbar" />

	<!-- SwipeLauncher -->
	<item component="ComponentInfo{cn.abcdsxg.app.appJump/cn.abcdsxg.app.appJump.MainActivity}" drawable="swipelauncher" />

	<!-- PsvX -->
	<item component="ComponentInfo{pub.chara.cwui.pretendsharing_xposed/pub.chara.cwui.pretendsharing_xposed.JumpActivity}" drawable="psvx" />

	<!-- No Volume Control -->
	<item component="ComponentInfo{pub.chara.cwui.shut_the_fack_off/pub.chara.cwui.shut_the_fack_off.JumpActivity}" drawable="no_volume_control" />

	<!-- 净眼 -->
	<item component="ComponentInfo{ml.qingsu.fuckview/ml.qingsu.fuckview.MainActivity}" drawable="净眼" />

	<!-- 拒绝熬夜 -->
	<item component="ComponentInfo{com.mhook.MrSForceSleep/com.mhook.MrSForceSleep.MainActivity-alias}" drawable="拒绝熬夜" />

	<!-- Green Running -->
	<item component="ComponentInfo{com.green.running/com.green.running.newui.MainActivity}" drawable="green_running" />

	<!-- FakeGps -->
	<item component="ComponentInfo{name.caiyao.fakegps/name.caiyao.fakegps.ui.MainActivity}" drawable="fakegps" />

	<!-- 朋友圈转发助手 -->
	<item component="ComponentInfo{x.hook.snsforward/x.hook.snsforward.MainActivity}" drawable="朋友圈转发助手" />

	<!-- 屏蔽微信朋友圈 -->
	<item component="ComponentInfo{com.maixiaomeng.wxjdhmd/com.maixiaomeng.wxjdhmd.MainActivity}" drawable="屏蔽微信朋友圈" />

	<!-- 情迁抢红包 -->
	<item component="ComponentInfo{cn.qssq666.pro.redpackaget/cn.qssq666.pro.redpackaget.SettingsActivity}" drawable="情迁抢红包" />

	<!-- 取消广告 -->
	<item component="ComponentInfo{com.mockingjay.cancelad/com.mockingjay.cancelad.MainActivity}" drawable="取消广告" />

	<!-- 全部滑稽 -->
	<item component="ComponentInfo{tk.specher.huaji/tk.specher.huaji.MainActivity}" drawable="全部滑稽" />

	<!-- FloatView -->
	<item component="ComponentInfo{dc.xyn.fv/dc.xyn.fv.MainActivity}" drawable="floatview" />

	<!-- 全局复制XP -->
	<item component="ComponentInfo{com.pl.universalcopy/com.pl.universalcopy.MainActivity}" drawable="全局复制xp" />

	<!-- Device Id Changer -->
	<item component="ComponentInfo{com.phoneinfo.changerpro/com.phoneinfo.changerpro.MainActivity}" drawable="device_id_changer" />

	<!-- 时间样式 -->
	<item component="ComponentInfo{com.mockingjay.timestyle/com.mockingjay.timestyle.MainActivity}" drawable="时间样式" />

	<!-- 谁动了剪切板 -->
	<item component="ComponentInfo{cn.jk.whorapemyclipboard/cn.jk.whorapemyclipboard.MainActivity}" drawable="谁动了剪切板" />

	<!-- 随机游戏 -->
	<item component="ComponentInfo{me.veryyoung.wechat.randomgame/me.veryyoung.wechat.randomgame.SettingsActivity}" drawable="随机游戏" />

	<!-- 微插件 -->
	<item component="ComponentInfo{com.omarea.vaddin/com.omarea.vaddin.MainActivity}" drawable="微插件" />

	<!-- 微群发模块 -->
	<item component="ComponentInfo{wechat.simpleforwarder/wechat.simpleforwarder.MainActivity}" drawable="微群发模块" />

	<!-- WeChat Pay -->
	<item component="ComponentInfo{cn.soloho.starter/cn.soloho.starter.MainActivity}" drawable="wechat_pay" />

	<!-- 微信斗图神器 -->
	<item component="ComponentInfo{x.hook.emojihook/x.hook.emojihook.MainActivity}" drawable="微信斗图神器" />

	<!-- 微信分组模块 -->
	<item component="ComponentInfo{site.cyningxu.grouphelper/site.cyningxu.grouphelper.MainActivity}" drawable="微信分组模块" />

	<!-- 微信红包 -->
	<item component="ComponentInfo{me.veryyoung.wechat.luckymoney/me.veryyoung.wechat.luckymoney.SettingsActivity}" drawable="微信红包" />

	<!-- 微信群消息助手 -->
	<item component="ComponentInfo{com.zdy.project.wechat_chatroom_helper/ui.MainActivity}" drawable="微信群消息助手" />

	<!-- Wechat Magician -->
	<item component="ComponentInfo{com.gh0u1l5.wechatmagician/com.gh0u1l5.wechatmagician.frontend.MainActivityAlias}" drawable="wechat_magician" />

	<!-- 微信学英语 -->
	<item component="ComponentInfo{com.hiwechart.translate/com.hiwechart.translate.SettingsActivity-alias}" drawable="微信学英语" />

	<!-- 微信自动回复 -->
	<item component="ComponentInfo{cn.fxnn.wcautoreply/cn.fxnn.wcautoreply.MainActivity}" drawable="微信自动回复" />

	<!-- 微信自动转发 -->
	<item component="ComponentInfo{cn.fxnn.wechatautoforward/cn.fxnn.wechatautoforward.MainActivity}" drawable="微信自动转发" />

	<!-- 伪装电量 -->
	<item component="ComponentInfo{com.iacn.falsebattery/com.iacn.falsebattery.MainActivity}" drawable="伪装电量" />

	<!-- Custom Text -->
	<item component="ComponentInfo{liubaoyua.customtext/liubaoyua.customtext.ui.AppListActivity}" drawable="custom_text" />

	<!-- 小米净化 -->
	<item component="ComponentInfo{com.coderstory.Purify/com.coderstory.Purify.activity.SplashActivity}" drawable="小米净化" />

	<!-- 修理微博 -->
	<item component="ComponentInfo{com.drakeet.weibo.fixer/com.drakeet.weibo.fixer.MainActivity}" drawable="修理微博" />

	<!-- 悬浮助手Xposed -->
	<item component="ComponentInfo{com.hardwork.fg607.floatassistant/com.hardwork.fg607.floatassistant.SettingActivity}" drawable="悬浮助手xposed" />

	<!-- Network Speed Indicator for Oneplus -->
	<item component="ComponentInfo{me.seasonyuu.xposed.networkspeedindicator.h2os/me.seasonyuu.xposed.networkspeedindicator.h2os.SettingsActivity.Alias}" drawable="network_speed_indicator_for_oneplus" />

	<!-- 运动加速器 -->
	<item component="ComponentInfo{com.qianbajin.sportaccelerator/com.qianbajin.sportaccelerator.ui.MainActivity}" drawable="运动加速器" />

	<!-- 运动模拟器 -->
	<item component="ComponentInfo{com.specher.sm/com.specher.sm.MainActivity}" drawable="运动模拟器" />

	<!-- 支付宝 InstallB 模块 By HOHO`` 裘小杰 -->
	<item component="ComponentInfo{im.hoho.alipayInstallB/im.hoho.alipayInstallB.MainActivity}" drawable="支付宝_installb_模块_by_hoho``_裘小杰" />

	<!-- Fingerprint pay -->
	<item component="ComponentInfo{com.surcumference.fingerprintpay/com.yyxx.wechatfp.Main}" drawable="fingerprint_pay" />

	<!-- 阻止关闭 -->
	<item component="ComponentInfo{com.specher.stopclosing/com.specher.stopclosing.MainActivity}" drawable="阻止关闭" />

	<!-- AdBlocker Reborn -->
	<item component="ComponentInfo{com.aviraxp.adblocker.continued/com.aviraxp.adblocker.continued.SettingsActivityLauncher}" drawable="adblocker_reborn" />

	<!-- All My... -->
	<item component="ComponentInfo{com.smartmadsoft.xposed.aio/com.smartmadsoft.xposed.aio.Launch}" drawable="all_my..." />

	<!-- Android N-ify -->
	<item component="ComponentInfo{tk.wasdennnoch.androidn_ify/tk.wasdennnoch.androidn_ify.SettingsAlias}" drawable="android_n-ify" />

	<!-- Android O-ify -->
	<item component="ComponentInfo{tk.monstermarsh.drmzandroidn_ify/tk.monstermarsh.drmzandroidn_ify.SplashActivity}" drawable="android_o-ify" />

	<!-- ANRC -->
	<item component="ComponentInfo{cat.dcat.roothide/cat.dcat.roothide.ui.InitActivity}" drawable="anrc" />

	<!-- BeautyHeaderPlugin -->
	<item component="ComponentInfo{com.tinybad.beautyheaderplugin/com.tinybad.beautyheaderplugin.MainActivity}" drawable="beautyheaderplugin" />

	<!-- BLE指令协议窃取 -->
	<item component="ComponentInfo{com.tos.bledetector/com.tos.bledetector.ui.MainActivity}" drawable="ble指令协议窃取" />

	<!-- BlueHacker -->
	<item component="ComponentInfo{tk.dreagonmon.bluehacker/tk.dreagonmon.bluehacker.MainActivity}" drawable="bluehacker" />

	<!-- Blurred System UI (LP) -->
	<item component="ComponentInfo{serajr.blurred.system.ui.lp/serajr.blurred.system.ui.lp.activities.BlurSettingsActivity}" drawable="blurred_system_ui_(lp)" />

	<!-- BootManager -->
	<item component="ComponentInfo{de.defim.apk.bootmanager/de.defim.apk.bootmanager.Launch0}" drawable="bootmanager" />

	<!-- CrashANY -->
	<item component="ComponentInfo{pub.chara.cwui.crash_any/pub.chara.cwui.crash_any.JumpActivity}" drawable="crashany" />

	<!-- Custom Battery Meter -->
	<item component="ComponentInfo{xyz.paphonb.custombatterymeter/xyz.paphonb.custombatterymeter.MainShortcut}" drawable="custom_battery_meter" />

	<!-- EggsterDroid -->
	<item component="ComponentInfo{areeb.xposed.eggsterdroid/areeb.xposed.eggsterdroid.ui.MainActivity}" drawable="eggsterdroid" />

	<!-- Flat Style Bar Indicators -->
	<item component="ComponentInfo{com.bocharov.xposed.fsbi/com.bocharov.xposed.fsbi.settings.Main}" drawable="flat_style_bar_indicators" />

	<!-- Flat Style Keyboard -->
	<item component="ComponentInfo{com.bocharov.xposed.fskeyboard/com.bocharov.xposed.fskeyboard.settings.Main}" drawable="flat_style_keyboard" />

	<!-- Flyme6助手 -->
	<item component="ComponentInfo{cn.coderstory.fuckbugme/cn.coderstory.fuckbugme.MainActivity}" drawable="flyme6助手" />

	<!-- Instant Face Unlock -->
	<item component="ComponentInfo{com.samstenner.instantunlock/com.samstenner.instantunlock.UnlockInterface}" drawable="instant_face_unlock" />

	<!-- InstallerOpt -->
	<item component="ComponentInfo{net.fypm.InstallerOpt/net.fypm.InstallerOpt.MainActivity-Alias}" drawable="installeropt" />

	<!-- Intent Logger -->
	<item component="ComponentInfo{com.tule.intentlogger/com.tule.intentlogger.ui.MainActivity}" drawable="intent_logger" />

	<!-- KuGou Hook -->
	<item component="ComponentInfo{com.jlhuang1224.kugouhook/com.jlhuang1224.kugouhook.MainActivity}" drawable="kugou_hook" />

	<!-- L Tweaks -->
	<item component="ComponentInfo{li.lingfeng.ltweaks/li.lingfeng.ltweaks.SettingsActivity}" drawable="l_tweaks" />

	<!-- LT DynamicCPU -->
	<item component="ComponentInfo{lantian.dynamiccpu/lantian.dynamiccpu.MainActivity}" drawable="lt_dynamiccpu" />

	<!-- LT NoLitter -->
	<item component="ComponentInfo{lantian.nolitter/lantian.nolitter.MainActivity}" drawable="lt_nolitter" />

	<!-- Marshmallow SD fix -->
	<item component="ComponentInfo{com.balamurugan.marshmallowsdfix/com.balamurugan.marshmallowsdfix.MainActivity}" drawable="marshmallow_sd_fix" />

	<!-- Mi Kit -->
	<item component="ComponentInfo{com.coderstory.miui_toolkit/com.coderstory.miui_toolkit.Activity.SplashActivity}" drawable="mi_kit" />

	<!-- MIUI 8 Tweaks -->
	<item component="ComponentInfo{com.hartec.miuitweaks8/com.hartec.miuitweaks8.MainActivity}" drawable="miui_8_tweaks" />

	<!-- MXFQ -->
	<item component="ComponentInfo{com.mx.qqwindow/com.mx.qqwindow.ui.activity.MainActivity}" drawable="mxfq" />

	<!-- MyAndroidToolsXposed -->
	<item component="ComponentInfo{cn.wq.myandroidtoolsxposed/cn.wq.myandroidtoolsxposed.MainActivity}" drawable="myandroidtoolsxposed" />

	<!-- MyPrivacy -->
	<item component="ComponentInfo{com.jasperhale.myprivacy/com.jasperhale.myprivacy.Activity.MainActivity}" drawable="myprivacy" />

	<!-- Notification Slider -->
	<item component="ComponentInfo{com.seveilith.alertslider/com.seveilith.alertslider.SplashActivity}" drawable="notification_slider" />

	<!-- QQ红包 -->
	<item component="ComponentInfo{me.veryyoung.qq.luckymoney/me.veryyoung.qq.luckymoney.SettingsActivity}" drawable="qq红包" />

	<!-- ScanLogin -->
	<item component="ComponentInfo{top.jowanxu.scanlogin/top.jowanxu.scanlogin.MainActivityAlias}" drawable="scanlogin" />

	<!-- Screenshot Hookbox -->
	<item component="ComponentInfo{ryuunoakaihitomi.xposed.screenshothookbox/ryuunoakaihitomi.xposed.screenshothookbox.ConfigActivity}" drawable="screenshot_hookbox" />

	<!-- Settings Editor -->
	<item component="ComponentInfo{com.wilco375.settingseditor/com.wilco375.settingseditor.MainActivityAlias}" drawable="settings_editor" />

	<!-- ShortcutsX -->
	<item component="ComponentInfo{com.nuaa.shortcutsx/com.nuaa.shortcutsx.MainActivity}" drawable="shortcutsx" />

	<!-- SpQQ机器人 -->
	<item component="ComponentInfo{com.specher.qqrobot/com.specher.qqrobot.MainActivity-Alias}" drawable="spqq机器人" />

	<!-- Text Aide -->
	<item component="ComponentInfo{com.arjerine.textxposed/com.arjerine.textxposed.ui.Splash}" drawable="text_aide" />

	<!-- WeChatUI -->
	<item component="ComponentInfo{ce.hesh.wechatUI/ce.hesh.wechatUI.SettingsActivityLauncher}" drawable="wechatui" />

	<!-- Wx作弊 -->
	<item component="ComponentInfo{com.tencent.mm.bf/com.tencent.mm.bf.MainActivity}" drawable="wx作弊" />

	<!-- WXReply -->
	<item component="ComponentInfo{com.ydscience.fakemomo/com.ydscience.fakemomo.SettingActivity}" drawable="wxreply" />

	<!-- XInternalSD -->
	<item component="ComponentInfo{com.pyler.xinternalsd/com.pyler.xinternalsd.Settings}" drawable="xinternalsd" />

	<!-- Xp快译 -->
	<item component="ComponentInfo{com.mhook.MrSFastTranslation/com.mhook.MrSFastTranslation.SettingActivity-alias}" drawable="xp快译" />

	<!-- Xposed BlackList -->
	<item component="ComponentInfo{com.flarejune.xposedblacklist/com.flarejune.xposedblacklist.MainActivity}" drawable="xposed_blacklist" />

	<!-- Xposed edge -->
	<item component="ComponentInfo{com.jozein.xedge/com.jozein.xedge.ui.ActivityMain}" drawable="xposed_edge" />

	<!-- XposedInstaller -->
	<item component="ComponentInfo{com.zjns.xposedinstaller/com.zjns.xposedinstaller.MainActivity}" drawable="xposedinstaller" />

	<!-- Xposed淘宝闪退补丁 -->
	<item component="ComponentInfo{com.xposed.taobao.patch/com.xposed.taobao.patch.MainActivity}" drawable="xposed淘宝闪退补丁" />

	<!-- Xstana -->
	<item component="ComponentInfo{lfprodev.xposed.xstana/lfprodev.xposed.xstana.ActivityXstana}" drawable="xstana" />

</resources>