<appmap>

	<!-- 单车蓝牙 -->
	<item class="com.gy.xposed.bilke.MainActivity" name="单车蓝牙" />

	<!-- 弹幕通知 -->
	<item class="com.ea.runtime.android.mainActivity" name="弹幕通知" />

	<!-- 钉钉红包 -->
	<item class="me.veryyoung.dingding.luckymoney.SettingsActivity" name="钉钉红包" />

	<!-- 对话框取消 -->
	<item class="com.mhook.dialog.AppList-alias" name="对话框取消" />

	<!-- Colorful Wechat -->
	<item class="com.rarnu.tophighlight.MainActivity" name="colorful_wechat" />

	<!-- 分身大师X版 -->
	<item class="com.qihoo.magic.splash.AppEnterActivity" name="分身大师x版" />

	<!-- 核心破解 -->
	<item class="toolkit.coderstory.com.toolkit.MainActivity" name="核心破解" />

	<!-- BlackNavigationBar -->
	<item class="com.yuanwofei.blacknavigationbar.MainActivity" name="blacknavigationbar" />

	<!-- SwipeLauncher -->
	<item class="cn.abcdsxg.app.appJump.MainActivity" name="swipelauncher" />

	<!-- PsvX -->
	<item class="pub.chara.cwui.pretendsharing_xposed.JumpActivity" name="psvx" />

	<!-- No Volume Control -->
	<item class="pub.chara.cwui.shut_the_fack_off.JumpActivity" name="no_volume_control" />

	<!-- 净眼 -->
	<item class="ml.qingsu.fuckview.MainActivity" name="净眼" />

	<!-- 拒绝熬夜 -->
	<item class="com.mhook.MrSForceSleep.MainActivity-alias" name="拒绝熬夜" />

	<!-- Green Running -->
	<item class="com.green.running.newui.MainActivity" name="green_running" />

	<!-- FakeGps -->
	<item class="name.caiyao.fakegps.ui.MainActivity" name="fakegps" />

	<!-- 朋友圈转发助手 -->
	<item class="x.hook.snsforward.MainActivity" name="朋友圈转发助手" />

	<!-- 屏蔽微信朋友圈 -->
	<item class="com.maixiaomeng.wxjdhmd.MainActivity" name="屏蔽微信朋友圈" />

	<!-- 情迁抢红包 -->
	<item class="cn.qssq666.pro.redpackaget.SettingsActivity" name="情迁抢红包" />

	<!-- 取消广告 -->
	<item class="com.mockingjay.cancelad.MainActivity" name="取消广告" />

	<!-- 全部滑稽 -->
	<item class="tk.specher.huaji.MainActivity" name="全部滑稽" />

	<!-- FloatView -->
	<item class="dc.xyn.fv.MainActivity" name="floatview" />

	<!-- 全局复制XP -->
	<item class="com.pl.universalcopy.MainActivity" name="全局复制xp" />

	<!-- Device Id Changer -->
	<item class="com.phoneinfo.changerpro.MainActivity" name="device_id_changer" />

	<!-- 时间样式 -->
	<item class="com.mockingjay.timestyle.MainActivity" name="时间样式" />

	<!-- 谁动了剪切板 -->
	<item class="cn.jk.whorapemyclipboard.MainActivity" name="谁动了剪切板" />

	<!-- 随机游戏 -->
	<item class="me.veryyoung.wechat.randomgame.SettingsActivity" name="随机游戏" />

	<!-- 微插件 -->
	<item class="com.omarea.vaddin.MainActivity" name="微插件" />

	<!-- 微群发模块 -->
	<item class="wechat.simpleforwarder.MainActivity" name="微群发模块" />

	<!-- WeChat Pay -->
	<item class="cn.soloho.starter.MainActivity" name="wechat_pay" />

	<!-- 微信斗图神器 -->
	<item class="x.hook.emojihook.MainActivity" name="微信斗图神器" />

	<!-- 微信分组模块 -->
	<item class="site.cyningxu.grouphelper.MainActivity" name="微信分组模块" />

	<!-- 微信红包 -->
	<item class="me.veryyoung.wechat.luckymoney.SettingsActivity" name="微信红包" />

	<!-- 微信群消息助手 -->
	<item class="ui.MainActivity" name="微信群消息助手" />

	<!-- Wechat Magician -->
	<item class="com.gh0u1l5.wechatmagician.frontend.MainActivityAlias" name="wechat_magician" />

	<!-- 微信学英语 -->
	<item class="com.hiwechart.translate.SettingsActivity-alias" name="微信学英语" />

	<!-- 微信自动回复 -->
	<item class="cn.fxnn.wcautoreply.MainActivity" name="微信自动回复" />

	<!-- 微信自动转发 -->
	<item class="cn.fxnn.wechatautoforward.MainActivity" name="微信自动转发" />

	<!-- 伪装电量 -->
	<item class="com.iacn.falsebattery.MainActivity" name="伪装电量" />

	<!-- Custom Text -->
	<item class="liubaoyua.customtext.ui.AppListActivity" name="custom_text" />

	<!-- 小米净化 -->
	<item class="com.coderstory.Purify.activity.SplashActivity" name="小米净化" />

	<!-- 修理微博 -->
	<item class="com.drakeet.weibo.fixer.MainActivity" name="修理微博" />

	<!-- 悬浮助手Xposed -->
	<item class="com.hardwork.fg607.floatassistant.SettingActivity" name="悬浮助手xposed" />

	<!-- Network Speed Indicator for Oneplus -->
	<item class="me.seasonyuu.xposed.networkspeedindicator.h2os.SettingsActivity.Alias" name="network_speed_indicator_for_oneplus" />

	<!-- 运动加速器 -->
	<item class="com.qianbajin.sportaccelerator.ui.MainActivity" name="运动加速器" />

	<!-- 运动模拟器 -->
	<item class="com.specher.sm.MainActivity" name="运动模拟器" />

	<!-- 支付宝 InstallB 模块 By HOHO`` 裘小杰 -->
	<item class="im.hoho.alipayInstallB.MainActivity" name="支付宝_installb_模块_by_hoho``_裘小杰" />

	<!-- Fingerprint pay -->
	<item class="com.yyxx.wechatfp.Main" name="fingerprint_pay" />

	<!-- 阻止关闭 -->
	<item class="com.specher.stopclosing.MainActivity" name="阻止关闭" />

	<!-- AdBlocker Reborn -->
	<item class="com.aviraxp.adblocker.continued.SettingsActivityLauncher" name="adblocker_reborn" />

	<!-- All My... -->
	<item class="com.smartmadsoft.xposed.aio.Launch" name="all_my..." />

	<!-- Android N-ify -->
	<item class="tk.wasdennnoch.androidn_ify.SettingsAlias" name="android_n-ify" />

	<!-- Android O-ify -->
	<item class="tk.monstermarsh.drmzandroidn_ify.SplashActivity" name="android_o-ify" />

	<!-- ANRC -->
	<item class="cat.dcat.roothide.ui.InitActivity" name="anrc" />

	<!-- BeautyHeaderPlugin -->
	<item class="com.tinybad.beautyheaderplugin.MainActivity" name="beautyheaderplugin" />

	<!-- BLE指令协议窃取 -->
	<item class="com.tos.bledetector.ui.MainActivity" name="ble指令协议窃取" />

	<!-- BlueHacker -->
	<item class="tk.dreagonmon.bluehacker.MainActivity" name="bluehacker" />

	<!-- Blurred System UI (LP) -->
	<item class="serajr.blurred.system.ui.lp.activities.BlurSettingsActivity" name="blurred_system_ui_(lp)" />

	<!-- BootManager -->
	<item class="de.defim.apk.bootmanager.Launch0" name="bootmanager" />

	<!-- CrashANY -->
	<item class="pub.chara.cwui.crash_any.JumpActivity" name="crashany" />

	<!-- Custom Battery Meter -->
	<item class="xyz.paphonb.custombatterymeter.MainShortcut" name="custom_battery_meter" />

	<!-- EggsterDroid -->
	<item class="areeb.xposed.eggsterdroid.ui.MainActivity" name="eggsterdroid" />

	<!-- Flat Style Bar Indicators -->
	<item class="com.bocharov.xposed.fsbi.settings.Main" name="flat_style_bar_indicators" />

	<!-- Flat Style Keyboard -->
	<item class="com.bocharov.xposed.fskeyboard.settings.Main" name="flat_style_keyboard" />

	<!-- Flyme6助手 -->
	<item class="cn.coderstory.fuckbugme.MainActivity" name="flyme6助手" />

	<!-- Instant Face Unlock -->
	<item class="com.samstenner.instantunlock.UnlockInterface" name="instant_face_unlock" />

	<!-- InstallerOpt -->
	<item class="net.fypm.InstallerOpt.MainActivity-Alias" name="installeropt" />

	<!-- Intent Logger -->
	<item class="com.tule.intentlogger.ui.MainActivity" name="intent_logger" />

	<!-- KuGou Hook -->
	<item class="com.jlhuang1224.kugouhook.MainActivity" name="kugou_hook" />

	<!-- L Tweaks -->
	<item class="li.lingfeng.ltweaks.SettingsActivity" name="l_tweaks" />

	<!-- LT DynamicCPU -->
	<item class="lantian.dynamiccpu.MainActivity" name="lt_dynamiccpu" />

	<!-- LT NoLitter -->
	<item class="lantian.nolitter.MainActivity" name="lt_nolitter" />

	<!-- Marshmallow SD fix -->
	<item class="com.balamurugan.marshmallowsdfix.MainActivity" name="marshmallow_sd_fix" />

	<!-- Mi Kit -->
	<item class="com.coderstory.miui_toolkit.Activity.SplashActivity" name="mi_kit" />

	<!-- MIUI 8 Tweaks -->
	<item class="com.hartec.miuitweaks8.MainActivity" name="miui_8_tweaks" />

	<!-- MXFQ -->
	<item class="com.mx.qqwindow.ui.activity.MainActivity" name="mxfq" />

	<!-- MyAndroidToolsXposed -->
	<item class="cn.wq.myandroidtoolsxposed.MainActivity" name="myandroidtoolsxposed" />

	<!-- MyPrivacy -->
	<item class="com.jasperhale.myprivacy.Activity.MainActivity" name="myprivacy" />

	<!-- Notification Slider -->
	<item class="com.seveilith.alertslider.SplashActivity" name="notification_slider" />

	<!-- QQ红包 -->
	<item class="me.veryyoung.qq.luckymoney.SettingsActivity" name="qq红包" />

	<!-- ScanLogin -->
	<item class="top.jowanxu.scanlogin.MainActivityAlias" name="scanlogin" />

	<!-- Screenshot Hookbox -->
	<item class="ryuunoakaihitomi.xposed.screenshothookbox.ConfigActivity" name="screenshot_hookbox" />

	<!-- Settings Editor -->
	<item class="com.wilco375.settingseditor.MainActivityAlias" name="settings_editor" />

	<!-- ShortcutsX -->
	<item class="com.nuaa.shortcutsx.MainActivity" name="shortcutsx" />

	<!-- SpQQ机器人 -->
	<item class="com.specher.qqrobot.MainActivity-Alias" name="spqq机器人" />

	<!-- Text Aide -->
	<item class="com.arjerine.textxposed.ui.Splash" name="text_aide" />

	<!-- WeChatUI -->
	<item class="ce.hesh.wechatUI.SettingsActivityLauncher" name="wechatui" />

	<!-- Wx作弊 -->
	<item class="com.tencent.mm.bf.MainActivity" name="wx作弊" />

	<!-- WXReply -->
	<item class="com.ydscience.fakemomo.SettingActivity" name="wxreply" />

	<!-- XInternalSD -->
	<item class="com.pyler.xinternalsd.Settings" name="xinternalsd" />

	<!-- Xp快译 -->
	<item class="com.mhook.MrSFastTranslation.SettingActivity-alias" name="xp快译" />

	<!-- Xposed BlackList -->
	<item class="com.flarejune.xposedblacklist.MainActivity" name="xposed_blacklist" />

	<!-- Xposed edge -->
	<item class="com.jozein.xedge.ui.ActivityMain" name="xposed_edge" />

	<!-- XposedInstaller -->
	<item class="com.zjns.xposedinstaller.MainActivity" name="xposedinstaller" />

	<!-- Xposed淘宝闪退补丁 -->
	<item class="com.xposed.taobao.patch.MainActivity" name="xposed淘宝闪退补丁" />

	<!-- Xstana -->
	<item class="lfprodev.xposed.xstana.ActivityXstana" name="xstana" />

</appmap>