<Theme version="1">

	<!-- 单车蓝牙 -->
	<AppIcon name="com.gy.xposed.blike/com.gy.xposed.bilke.MainActivity" image="单车蓝牙" />

	<!-- 弹幕通知 -->
	<AppIcon name="com.k99k5.danmu/com.ea.runtime.android.mainActivity" image="弹幕通知" />

	<!-- 钉钉红包 -->
	<AppIcon name="me.veryyoung.dingding.luckymoney/me.veryyoung.dingding.luckymoney.SettingsActivity" image="钉钉红包" />

	<!-- 对话框取消 -->
	<AppIcon name="com.mhook.dialog/com.mhook.dialog.AppList-alias" image="对话框取消" />

	<!-- Colorful Wechat -->
	<AppIcon name="com.rarnu.tophighlight/com.rarnu.tophighlight.MainActivity" image="colorful_wechat" />

	<!-- 分身大师X版 -->
	<AppIcon name="com.qihoo.magic.xposed/com.qihoo.magic.splash.AppEnterActivity" image="分身大师x版" />

	<!-- 核心破解 -->
	<AppIcon name="com.coderstory.toolkit/toolkit.coderstory.com.toolkit.MainActivity" image="核心破解" />

	<!-- BlackNavigationBar -->
	<AppIcon name="com.yuanwofei.blacknavigationbar/com.yuanwofei.blacknavigationbar.MainActivity" image="blacknavigationbar" />

	<!-- SwipeLauncher -->
	<AppIcon name="cn.abcdsxg.app.appJump/cn.abcdsxg.app.appJump.MainActivity" image="swipelauncher" />

	<!-- PsvX -->
	<AppIcon name="pub.chara.cwui.pretendsharing_xposed/pub.chara.cwui.pretendsharing_xposed.JumpActivity" image="psvx" />

	<!-- No Volume Control -->
	<AppIcon name="pub.chara.cwui.shut_the_fack_off/pub.chara.cwui.shut_the_fack_off.JumpActivity" image="no_volume_control" />

	<!-- 净眼 -->
	<AppIcon name="ml.qingsu.fuckview/ml.qingsu.fuckview.MainActivity" image="净眼" />

	<!-- 拒绝熬夜 -->
	<AppIcon name="com.mhook.MrSForceSleep/com.mhook.MrSForceSleep.MainActivity-alias" image="拒绝熬夜" />

	<!-- Green Running -->
	<AppIcon name="com.green.running/com.green.running.newui.MainActivity" image="green_running" />

	<!-- FakeGps -->
	<AppIcon name="name.caiyao.fakegps/name.caiyao.fakegps.ui.MainActivity" image="fakegps" />

	<!-- 朋友圈转发助手 -->
	<AppIcon name="x.hook.snsforward/x.hook.snsforward.MainActivity" image="朋友圈转发助手" />

	<!-- 屏蔽微信朋友圈 -->
	<AppIcon name="com.maixiaomeng.wxjdhmd/com.maixiaomeng.wxjdhmd.MainActivity" image="屏蔽微信朋友圈" />

	<!-- 情迁抢红包 -->
	<AppIcon name="cn.qssq666.pro.redpackaget/cn.qssq666.pro.redpackaget.SettingsActivity" image="情迁抢红包" />

	<!-- 取消广告 -->
	<AppIcon name="com.mockingjay.cancelad/com.mockingjay.cancelad.MainActivity" image="取消广告" />

	<!-- 全部滑稽 -->
	<AppIcon name="tk.specher.huaji/tk.specher.huaji.MainActivity" image="全部滑稽" />

	<!-- FloatView -->
	<AppIcon name="dc.xyn.fv/dc.xyn.fv.MainActivity" image="floatview" />

	<!-- 全局复制XP -->
	<AppIcon name="com.pl.universalcopy/com.pl.universalcopy.MainActivity" image="全局复制xp" />

	<!-- Device Id Changer -->
	<AppIcon name="com.phoneinfo.changerpro/com.phoneinfo.changerpro.MainActivity" image="device_id_changer" />

	<!-- 时间样式 -->
	<AppIcon name="com.mockingjay.timestyle/com.mockingjay.timestyle.MainActivity" image="时间样式" />

	<!-- 谁动了剪切板 -->
	<AppIcon name="cn.jk.whorapemyclipboard/cn.jk.whorapemyclipboard.MainActivity" image="谁动了剪切板" />

	<!-- 随机游戏 -->
	<AppIcon name="me.veryyoung.wechat.randomgame/me.veryyoung.wechat.randomgame.SettingsActivity" image="随机游戏" />

	<!-- 微插件 -->
	<AppIcon name="com.omarea.vaddin/com.omarea.vaddin.MainActivity" image="微插件" />

	<!-- 微群发模块 -->
	<AppIcon name="wechat.simpleforwarder/wechat.simpleforwarder.MainActivity" image="微群发模块" />

	<!-- WeChat Pay -->
	<AppIcon name="cn.soloho.starter/cn.soloho.starter.MainActivity" image="wechat_pay" />

	<!-- 微信斗图神器 -->
	<AppIcon name="x.hook.emojihook/x.hook.emojihook.MainActivity" image="微信斗图神器" />

	<!-- 微信分组模块 -->
	<AppIcon name="site.cyningxu.grouphelper/site.cyningxu.grouphelper.MainActivity" image="微信分组模块" />

	<!-- 微信红包 -->
	<AppIcon name="me.veryyoung.wechat.luckymoney/me.veryyoung.wechat.luckymoney.SettingsActivity" image="微信红包" />

	<!-- 微信群消息助手 -->
	<AppIcon name="com.zdy.project.wechat_chatroom_helper/ui.MainActivity" image="微信群消息助手" />

	<!-- Wechat Magician -->
	<AppIcon name="com.gh0u1l5.wechatmagician/com.gh0u1l5.wechatmagician.frontend.MainActivityAlias" image="wechat_magician" />

	<!-- 微信学英语 -->
	<AppIcon name="com.hiwechart.translate/com.hiwechart.translate.SettingsActivity-alias" image="微信学英语" />

	<!-- 微信自动回复 -->
	<AppIcon name="cn.fxnn.wcautoreply/cn.fxnn.wcautoreply.MainActivity" image="微信自动回复" />

	<!-- 微信自动转发 -->
	<AppIcon name="cn.fxnn.wechatautoforward/cn.fxnn.wechatautoforward.MainActivity" image="微信自动转发" />

	<!-- 伪装电量 -->
	<AppIcon name="com.iacn.falsebattery/com.iacn.falsebattery.MainActivity" image="伪装电量" />

	<!-- Custom Text -->
	<AppIcon name="liubaoyua.customtext/liubaoyua.customtext.ui.AppListActivity" image="custom_text" />

	<!-- 小米净化 -->
	<AppIcon name="com.coderstory.Purify/com.coderstory.Purify.activity.SplashActivity" image="小米净化" />

	<!-- 修理微博 -->
	<AppIcon name="com.drakeet.weibo.fixer/com.drakeet.weibo.fixer.MainActivity" image="修理微博" />

	<!-- 悬浮助手Xposed -->
	<AppIcon name="com.hardwork.fg607.floatassistant/com.hardwork.fg607.floatassistant.SettingActivity" image="悬浮助手xposed" />

	<!-- Network Speed Indicator for Oneplus -->
	<AppIcon name="me.seasonyuu.xposed.networkspeedindicator.h2os/me.seasonyuu.xposed.networkspeedindicator.h2os.SettingsActivity.Alias" image="network_speed_indicator_for_oneplus" />

	<!-- 运动加速器 -->
	<AppIcon name="com.qianbajin.sportaccelerator/com.qianbajin.sportaccelerator.ui.MainActivity" image="运动加速器" />

	<!-- 运动模拟器 -->
	<AppIcon name="com.specher.sm/com.specher.sm.MainActivity" image="运动模拟器" />

	<!-- 支付宝 InstallB 模块 By HOHO`` 裘小杰 -->
	<AppIcon name="im.hoho.alipayInstallB/im.hoho.alipayInstallB.MainActivity" image="支付宝_installb_模块_by_hoho``_裘小杰" />

	<!-- Fingerprint pay -->
	<AppIcon name="com.surcumference.fingerprintpay/com.yyxx.wechatfp.Main" image="fingerprint_pay" />

	<!-- 阻止关闭 -->
	<AppIcon name="com.specher.stopclosing/com.specher.stopclosing.MainActivity" image="阻止关闭" />

	<!-- AdBlocker Reborn -->
	<AppIcon name="com.aviraxp.adblocker.continued/com.aviraxp.adblocker.continued.SettingsActivityLauncher" image="adblocker_reborn" />

	<!-- All My... -->
	<AppIcon name="com.smartmadsoft.xposed.aio/com.smartmadsoft.xposed.aio.Launch" image="all_my..." />

	<!-- Android N-ify -->
	<AppIcon name="tk.wasdennnoch.androidn_ify/tk.wasdennnoch.androidn_ify.SettingsAlias" image="android_n-ify" />

	<!-- Android O-ify -->
	<AppIcon name="tk.monstermarsh.drmzandroidn_ify/tk.monstermarsh.drmzandroidn_ify.SplashActivity" image="android_o-ify" />

	<!-- ANRC -->
	<AppIcon name="cat.dcat.roothide/cat.dcat.roothide.ui.InitActivity" image="anrc" />

	<!-- BeautyHeaderPlugin -->
	<AppIcon name="com.tinybad.beautyheaderplugin/com.tinybad.beautyheaderplugin.MainActivity" image="beautyheaderplugin" />

	<!-- BLE指令协议窃取 -->
	<AppIcon name="com.tos.bledetector/com.tos.bledetector.ui.MainActivity" image="ble指令协议窃取" />

	<!-- BlueHacker -->
	<AppIcon name="tk.dreagonmon.bluehacker/tk.dreagonmon.bluehacker.MainActivity" image="bluehacker" />

	<!-- Blurred System UI (LP) -->
	<AppIcon name="serajr.blurred.system.ui.lp/serajr.blurred.system.ui.lp.activities.BlurSettingsActivity" image="blurred_system_ui_(lp)" />

	<!-- BootManager -->
	<AppIcon name="de.defim.apk.bootmanager/de.defim.apk.bootmanager.Launch0" image="bootmanager" />

	<!-- CrashANY -->
	<AppIcon name="pub.chara.cwui.crash_any/pub.chara.cwui.crash_any.JumpActivity" image="crashany" />

	<!-- Custom Battery Meter -->
	<AppIcon name="xyz.paphonb.custombatterymeter/xyz.paphonb.custombatterymeter.MainShortcut" image="custom_battery_meter" />

	<!-- EggsterDroid -->
	<AppIcon name="areeb.xposed.eggsterdroid/areeb.xposed.eggsterdroid.ui.MainActivity" image="eggsterdroid" />

	<!-- Flat Style Bar Indicators -->
	<AppIcon name="com.bocharov.xposed.fsbi/com.bocharov.xposed.fsbi.settings.Main" image="flat_style_bar_indicators" />

	<!-- Flat Style Keyboard -->
	<AppIcon name="com.bocharov.xposed.fskeyboard/com.bocharov.xposed.fskeyboard.settings.Main" image="flat_style_keyboard" />

	<!-- Flyme6助手 -->
	<AppIcon name="cn.coderstory.fuckbugme/cn.coderstory.fuckbugme.MainActivity" image="flyme6助手" />

	<!-- Instant Face Unlock -->
	<AppIcon name="com.samstenner.instantunlock/com.samstenner.instantunlock.UnlockInterface" image="instant_face_unlock" />

	<!-- InstallerOpt -->
	<AppIcon name="net.fypm.InstallerOpt/net.fypm.InstallerOpt.MainActivity-Alias" image="installeropt" />

	<!-- Intent Logger -->
	<AppIcon name="com.tule.intentlogger/com.tule.intentlogger.ui.MainActivity" image="intent_logger" />

	<!-- KuGou Hook -->
	<AppIcon name="com.jlhuang1224.kugouhook/com.jlhuang1224.kugouhook.MainActivity" image="kugou_hook" />

	<!-- L Tweaks -->
	<AppIcon name="li.lingfeng.ltweaks/li.lingfeng.ltweaks.SettingsActivity" image="l_tweaks" />

	<!-- LT DynamicCPU -->
	<AppIcon name="lantian.dynamiccpu/lantian.dynamiccpu.MainActivity" image="lt_dynamiccpu" />

	<!-- LT NoLitter -->
	<AppIcon name="lantian.nolitter/lantian.nolitter.MainActivity" image="lt_nolitter" />

	<!-- Marshmallow SD fix -->
	<AppIcon name="com.balamurugan.marshmallowsdfix/com.balamurugan.marshmallowsdfix.MainActivity" image="marshmallow_sd_fix" />

	<!-- Mi Kit -->
	<AppIcon name="com.coderstory.miui_toolkit/com.coderstory.miui_toolkit.Activity.SplashActivity" image="mi_kit" />

	<!-- MIUI 8 Tweaks -->
	<AppIcon name="com.hartec.miuitweaks8/com.hartec.miuitweaks8.MainActivity" image="miui_8_tweaks" />

	<!-- MXFQ -->
	<AppIcon name="com.mx.qqwindow/com.mx.qqwindow.ui.activity.MainActivity" image="mxfq" />

	<!-- MyAndroidToolsXposed -->
	<AppIcon name="cn.wq.myandroidtoolsxposed/cn.wq.myandroidtoolsxposed.MainActivity" image="myandroidtoolsxposed" />

	<!-- MyPrivacy -->
	<AppIcon name="com.jasperhale.myprivacy/com.jasperhale.myprivacy.Activity.MainActivity" image="myprivacy" />

	<!-- Notification Slider -->
	<AppIcon name="com.seveilith.alertslider/com.seveilith.alertslider.SplashActivity" image="notification_slider" />

	<!-- QQ红包 -->
	<AppIcon name="me.veryyoung.qq.luckymoney/me.veryyoung.qq.luckymoney.SettingsActivity" image="qq红包" />

	<!-- ScanLogin -->
	<AppIcon name="top.jowanxu.scanlogin/top.jowanxu.scanlogin.MainActivityAlias" image="scanlogin" />

	<!-- Screenshot Hookbox -->
	<AppIcon name="ryuunoakaihitomi.xposed.screenshothookbox/ryuunoakaihitomi.xposed.screenshothookbox.ConfigActivity" image="screenshot_hookbox" />

	<!-- Settings Editor -->
	<AppIcon name="com.wilco375.settingseditor/com.wilco375.settingseditor.MainActivityAlias" image="settings_editor" />

	<!-- ShortcutsX -->
	<AppIcon name="com.nuaa.shortcutsx/com.nuaa.shortcutsx.MainActivity" image="shortcutsx" />

	<!-- SpQQ机器人 -->
	<AppIcon name="com.specher.qqrobot/com.specher.qqrobot.MainActivity-Alias" image="spqq机器人" />

	<!-- Text Aide -->
	<AppIcon name="com.arjerine.textxposed/com.arjerine.textxposed.ui.Splash" image="text_aide" />

	<!-- WeChatUI -->
	<AppIcon name="ce.hesh.wechatUI/ce.hesh.wechatUI.SettingsActivityLauncher" image="wechatui" />

	<!-- Wx作弊 -->
	<AppIcon name="com.tencent.mm.bf/com.tencent.mm.bf.MainActivity" image="wx作弊" />

	<!-- WXReply -->
	<AppIcon name="com.ydscience.fakemomo/com.ydscience.fakemomo.SettingActivity" image="wxreply" />

	<!-- XInternalSD -->
	<AppIcon name="com.pyler.xinternalsd/com.pyler.xinternalsd.Settings" image="xinternalsd" />

	<!-- Xp快译 -->
	<AppIcon name="com.mhook.MrSFastTranslation/com.mhook.MrSFastTranslation.SettingActivity-alias" image="xp快译" />

	<!-- Xposed BlackList -->
	<AppIcon name="com.flarejune.xposedblacklist/com.flarejune.xposedblacklist.MainActivity" image="xposed_blacklist" />

	<!-- Xposed edge -->
	<AppIcon name="com.jozein.xedge/com.jozein.xedge.ui.ActivityMain" image="xposed_edge" />

	<!-- XposedInstaller -->
	<AppIcon name="com.zjns.xposedinstaller/com.zjns.xposedinstaller.MainActivity" image="xposedinstaller" />

	<!-- Xposed淘宝闪退补丁 -->
	<AppIcon name="com.xposed.taobao.patch/com.xposed.taobao.patch.MainActivity" image="xposed淘宝闪退补丁" />

	<!-- Xstana -->
	<AppIcon name="lfprodev.xposed.xstana/lfprodev.xposed.xstana.ActivityXstana" image="xstana" />

</Theme>