<resources>

	<!-- 3DVR Player -->
	<item component="ComponentInfo{com.nibiru.vr.media/com.nibiru.vr.media.ui.VREntranceTipActivity}" drawable="3dvr_player" />

	<!-- 爱玩 VR -->
	<item component="ComponentInfo{com.bard.gametimevr/com.bard.gametimevr.activitys.WelcomeActivity}" drawable="爱玩_vr" />

	<!-- 百度VR -->
	<item component="ComponentInfo{com.baidu.vrbrowser/com.baidu.vrbrowser2d.ui.splashscreen.SplashScreenActivity}" drawable="百度vr" />

	<!-- 百度VR视频 -->
	<item component="ComponentInfo{com.baidu.vrvision/com.baidu.vrbrowser2d.ui.splashscreen.SplashScreenActivity}" drawable="百度vr视频" />

	<!-- 超多VR -->
	<item component="ComponentInfo{com.superd.vrstore/com.runmit.vrlauncher.LoadingActivity}" drawable="超多vr" />

	<!-- 第一VR -->
	<item component="ComponentInfo{cn.net.firstvr/cn.net.firstvr.view.activity.WelcomeActivity}" drawable="第一vr" />

	<!-- 浑沌VR播放 -->
	<item component="ComponentInfo{com.hzvr.hzplayer/com.hzvr.hzplayer.LaunchActivity}" drawable="浑沌vr播放" />

	<!-- Rock VR -->
	<item component="ComponentInfo{com.rockvr.vrcommunity/com.rockvr.vrcommunity.ui.EntryActivity}" drawable="rock_vr" />

	<!-- 奇兔VR -->
	<item component="ComponentInfo{com.qitu.vr/cn.qitu.activity.StartUpActivity}" drawable="奇兔vr" />

	<!-- 搜狐视频VR -->
	<item component="ComponentInfo{com.sohuvr/com.sohuvr.module.homepage.activity.WelcomeActivity}" drawable="搜狐视频vr" />

	<!-- 腾讯炫镜 -->
	<item component="ComponentInfo{com.tencent.vrvideo/com.tencent.vrvideolog.activity.MyGoogleUnityActivity}" drawable="腾讯炫镜" />

	<!-- GoVR Player -->
	<item component="ComponentInfo{com.mj.govr/com.mj.govr.publicc.activity.SplashActivity}" drawable="govr_player" />

	<!-- Hubblo VR -->
	<item component="ComponentInfo{cn.vr.hubbloplayer/cn.vr.hubbloplayer.FlashActivity}" drawable="hubblo_vr" />

	<!-- MeWooVR -->
	<item component="ComponentInfo{androidapp.sunovo.com.huanwei/androidapp.sunovo.com.huanwei.ui.activity.SplashScreenActivity}" drawable="mewoovr" />

	<!-- QQ浏览器VR -->
	<item component="ComponentInfo{com.tencent.qvrplay/com.tencent.qvrplay.ui.activity.MainActivity}" drawable="qq浏览器vr" />

	<!-- VR Horror House Limited -->
	<item component="ComponentInfo{com.Dong3D.horrorhouse/com.Dong3d.VRLauncher.UnityEntryActivity}" drawable="vr_horror_house_limited" />

	<!-- VR800 -->
	<item component="ComponentInfo{com.jimo.vr800/com.jimo.vr800.WelcomeActivity}" drawable="vr800" />

	<!-- VR工具箱 -->
	<item component="ComponentInfo{com.panduola.pdlplayer/com.panduola.pdlplayer.activity.MainActivity}" drawable="vr工具箱" />

	<!-- Once VR -->
	<item component="ComponentInfo{com.Dong3D.VRBrowser/com.ncy.loader.LoaderActivity}" drawable="once_vr" />

</resources>