<appmap>

	<!-- 3DVR Player -->
	<item class="com.nibiru.vr.media.ui.VREntranceTipActivity" name="3dvr_player" />

	<!-- 爱玩 VR -->
	<item class="com.bard.gametimevr.activitys.WelcomeActivity" name="爱玩_vr" />

	<!-- 百度VR -->
	<item class="com.baidu.vrbrowser2d.ui.splashscreen.SplashScreenActivity" name="百度vr" />

	<!-- 百度VR视频 -->
	<item class="com.baidu.vrbrowser2d.ui.splashscreen.SplashScreenActivity" name="百度vr视频" />

	<!-- 超多VR -->
	<item class="com.runmit.vrlauncher.LoadingActivity" name="超多vr" />

	<!-- 第一VR -->
	<item class="cn.net.firstvr.view.activity.WelcomeActivity" name="第一vr" />

	<!-- 浑沌VR播放 -->
	<item class="com.hzvr.hzplayer.LaunchActivity" name="浑沌vr播放" />

	<!-- Rock VR -->
	<item class="com.rockvr.vrcommunity.ui.EntryActivity" name="rock_vr" />

	<!-- 奇兔VR -->
	<item class="cn.qitu.activity.StartUpActivity" name="奇兔vr" />

	<!-- 搜狐视频VR -->
	<item class="com.sohuvr.module.homepage.activity.WelcomeActivity" name="搜狐视频vr" />

	<!-- 腾讯炫镜 -->
	<item class="com.tencent.vrvideolog.activity.MyGoogleUnityActivity" name="腾讯炫镜" />

	<!-- GoVR Player -->
	<item class="com.mj.govr.publicc.activity.SplashActivity" name="govr_player" />

	<!-- Hubblo VR -->
	<item class="cn.vr.hubbloplayer.FlashActivity" name="hubblo_vr" />

	<!-- MeWooVR -->
	<item class="androidapp.sunovo.com.huanwei.ui.activity.SplashScreenActivity" name="mewoovr" />

	<!-- QQ浏览器VR -->
	<item class="com.tencent.qvrplay.ui.activity.MainActivity" name="qq浏览器vr" />

	<!-- VR Horror House Limited -->
	<item class="com.Dong3d.VRLauncher.UnityEntryActivity" name="vr_horror_house_limited" />

	<!-- VR800 -->
	<item class="com.jimo.vr800.WelcomeActivity" name="vr800" />

	<!-- VR工具箱 -->
	<item class="com.panduola.pdlplayer.activity.MainActivity" name="vr工具箱" />

	<!-- Once VR -->
	<item class="com.ncy.loader.LoaderActivity" name="once_vr" />

</appmap>