<Theme version="1">

	<!-- 3DVR Player -->
	<AppIcon name="com.nibiru.vr.media/com.nibiru.vr.media.ui.VREntranceTipActivity" image="3dvr_player" />

	<!-- 爱玩 VR -->
	<AppIcon name="com.bard.gametimevr/com.bard.gametimevr.activitys.WelcomeActivity" image="爱玩_vr" />

	<!-- 百度VR -->
	<AppIcon name="com.baidu.vrbrowser/com.baidu.vrbrowser2d.ui.splashscreen.SplashScreenActivity" image="百度vr" />

	<!-- 百度VR视频 -->
	<AppIcon name="com.baidu.vrvision/com.baidu.vrbrowser2d.ui.splashscreen.SplashScreenActivity" image="百度vr视频" />

	<!-- 超多VR -->
	<AppIcon name="com.superd.vrstore/com.runmit.vrlauncher.LoadingActivity" image="超多vr" />

	<!-- 第一VR -->
	<AppIcon name="cn.net.firstvr/cn.net.firstvr.view.activity.WelcomeActivity" image="第一vr" />

	<!-- 浑沌VR播放 -->
	<AppIcon name="com.hzvr.hzplayer/com.hzvr.hzplayer.LaunchActivity" image="浑沌vr播放" />

	<!-- Rock VR -->
	<AppIcon name="com.rockvr.vrcommunity/com.rockvr.vrcommunity.ui.EntryActivity" image="rock_vr" />

	<!-- 奇兔VR -->
	<AppIcon name="com.qitu.vr/cn.qitu.activity.StartUpActivity" image="奇兔vr" />

	<!-- 搜狐视频VR -->
	<AppIcon name="com.sohuvr/com.sohuvr.module.homepage.activity.WelcomeActivity" image="搜狐视频vr" />

	<!-- 腾讯炫镜 -->
	<AppIcon name="com.tencent.vrvideo/com.tencent.vrvideolog.activity.MyGoogleUnityActivity" image="腾讯炫镜" />

	<!-- GoVR Player -->
	<AppIcon name="com.mj.govr/com.mj.govr.publicc.activity.SplashActivity" image="govr_player" />

	<!-- Hubblo VR -->
	<AppIcon name="cn.vr.hubbloplayer/cn.vr.hubbloplayer.FlashActivity" image="hubblo_vr" />

	<!-- MeWooVR -->
	<AppIcon name="androidapp.sunovo.com.huanwei/androidapp.sunovo.com.huanwei.ui.activity.SplashScreenActivity" image="mewoovr" />

	<!-- QQ浏览器VR -->
	<AppIcon name="com.tencent.qvrplay/com.tencent.qvrplay.ui.activity.MainActivity" image="qq浏览器vr" />

	<!-- VR Horror House Limited -->
	<AppIcon name="com.Dong3D.horrorhouse/com.Dong3d.VRLauncher.UnityEntryActivity" image="vr_horror_house_limited" />

	<!-- VR800 -->
	<AppIcon name="com.jimo.vr800/com.jimo.vr800.WelcomeActivity" image="vr800" />

	<!-- VR工具箱 -->
	<AppIcon name="com.panduola.pdlplayer/com.panduola.pdlplayer.activity.MainActivity" image="vr工具箱" />

	<!-- Once VR -->
	<AppIcon name="com.Dong3D.VRBrowser/com.ncy.loader.LoaderActivity" image="once_vr" />

</Theme>