<resources>

	<!-- 次元之约 -->
	<item component="ComponentInfo{com.dateofdimension.comic/com.dateofdimension.comic.WelcomeActivity}" drawable="次元之约" />

	<!-- 晋剧荟萃 -->
	<item component="ComponentInfo{science.iscier.jinju/science.iscier.jinju.MainActivity}" drawable="晋剧荟萃" />

	<!-- 三国杀武将制作 -->
	<item component="ComponentInfo{com.yzc.ltkheromaker/com.yzc.ltkheromaker.MainActivity}" drawable="三国杀武将制作" />

	<!-- 随机数字 -->
	<item component="ComponentInfo{com.zhanhong.RandomNumb/com.zhanhong.RandomNumb.MainActivity}" drawable="随机数字" />

	<!-- T. S. W. -->
	<item component="ComponentInfo{com.rinzz.thesameworld.uc/com.qihoo.util.StartActivity}" drawable="t._s._w." />

	<!-- 账号密橱 -->
	<item component="ComponentInfo{acffo.xqx.accountmanageacffo/acffo.xqx.accountmanageacffo.ui.main.EnterMainActivity}" drawable="账号密橱" />

	<!-- AppLua+ -->
	<item component="ComponentInfo{com.yy.appyylua/com.androlua.Welcome}" drawable="applua+" />

	<!-- COC-beta -->
	<item component="ComponentInfo{com.equationl.coc/com.equationl.coc.MainActivity}" drawable="coc-beta" />

	<!-- Javascript IDE -->
	<item component="ComponentInfo{ramLabs.namespace.javascriptide/ramLabs.namespace.javascriptide.MainActivity}" drawable="javascript_ide" />

	<!-- SharpIDE -->
	<item component="ComponentInfo{net.theluckycoder.scriptcraft/net.theluckycoder.sharpide.MainActivity}" drawable="sharpide" />

</resources>