<appmap>

	<!-- 次元之约 -->
	<item class="com.dateofdimension.comic.WelcomeActivity" name="次元之约" />

	<!-- 晋剧荟萃 -->
	<item class="science.iscier.jinju.MainActivity" name="晋剧荟萃" />

	<!-- 三国杀武将制作 -->
	<item class="com.yzc.ltkheromaker.MainActivity" name="三国杀武将制作" />

	<!-- 随机数字 -->
	<item class="com.zhanhong.RandomNumb.MainActivity" name="随机数字" />

	<!-- T. S. W. -->
	<item class="com.qihoo.util.StartActivity" name="t._s._w." />

	<!-- 账号密橱 -->
	<item class="acffo.xqx.accountmanageacffo.ui.main.EnterMainActivity" name="账号密橱" />

	<!-- AppLua+ -->
	<item class="com.androlua.Welcome" name="applua+" />

	<!-- COC-beta -->
	<item class="com.equationl.coc.MainActivity" name="coc-beta" />

	<!-- Javascript IDE -->
	<item class="ramLabs.namespace.javascriptide.MainActivity" name="javascript_ide" />

	<!-- SharpIDE -->
	<item class="net.theluckycoder.sharpide.MainActivity" name="sharpide" />

</appmap>