<Theme version="1">

	<!-- 次元之约 -->
	<AppIcon name="com.dateofdimension.comic/com.dateofdimension.comic.WelcomeActivity" image="次元之约" />

	<!-- 晋剧荟萃 -->
	<AppIcon name="science.iscier.jinju/science.iscier.jinju.MainActivity" image="晋剧荟萃" />

	<!-- 三国杀武将制作 -->
	<AppIcon name="com.yzc.ltkheromaker/com.yzc.ltkheromaker.MainActivity" image="三国杀武将制作" />

	<!-- 随机数字 -->
	<AppIcon name="com.zhanhong.RandomNumb/com.zhanhong.RandomNumb.MainActivity" image="随机数字" />

	<!-- T. S. W. -->
	<AppIcon name="com.rinzz.thesameworld.uc/com.qihoo.util.StartActivity" image="t._s._w." />

	<!-- 账号密橱 -->
	<AppIcon name="acffo.xqx.accountmanageacffo/acffo.xqx.accountmanageacffo.ui.main.EnterMainActivity" image="账号密橱" />

	<!-- AppLua+ -->
	<AppIcon name="com.yy.appyylua/com.androlua.Welcome" image="applua+" />

	<!-- COC-beta -->
	<AppIcon name="com.equationl.coc/com.equationl.coc.MainActivity" image="coc-beta" />

	<!-- Javascript IDE -->
	<AppIcon name="ramLabs.namespace.javascriptide/ramLabs.namespace.javascriptide.MainActivity" image="javascript_ide" />

	<!-- SharpIDE -->
	<AppIcon name="net.theluckycoder.scriptcraft/net.theluckycoder.sharpide.MainActivity" image="sharpide" />

</Theme>