<resources>

	<!-- 阿库娅手绘图标包 -->
	<item component="ComponentInfo{com.dsrinc.ihpiconpack/com.by_syk.lib.nanoiconpack.MainActivity}" drawable="阿库娅手绘图标包" />

	<!-- 安卓壁纸 -->
	<item component="ComponentInfo{com.androidesk/com.adesk.picasso.view.MainActivity}" drawable="安卓壁纸" />

	<!-- 安卓动态壁纸 -->
	<item component="ComponentInfo{com.androidesk.livewallpaper/com.androidesk.livewallpaper.AwpHomeActivity}" drawable="安卓动态壁纸" />

	<!-- 百度壁纸 -->
	<item component="ComponentInfo{com.baidu.wallpaper/com.baidu.wallpaper.ui.home.TheHomeAcitvity}" drawable="百度壁纸" />

	<!-- CoolWallpaper -->
	<item component="ComponentInfo{com.miui.coolwallpaper/com.miui.wallpaper.activity.HomeActivity}" drawable="coolwallpaper" />

	<!-- 坂坂 -->
	<item component="ComponentInfo{com.banban.bbslite/com.mocuz.banban.ui.main.activity.SplashActivity}" drawable="坂坂" />

	<!-- Wallpapers -->
	<item component="ComponentInfo{com.google.android.apps.wallpaper/com.google.android.apps.wallpaper.picker.CategoryPickerActivity}" drawable="wallpapers" />

	<!-- 边缘闪光 -->
	<item component="ComponentInfo{com.panshen.edgelighting/com.panshen.ui.activity.SplashActivity}" drawable="边缘闪光" />

	<!-- Pin -->
	<item component="ComponentInfo{com.kyleduo.pin/com.kyleduo.pin.ui.MainActivity}" drawable="pin" />

	<!-- 创意氢壁纸 -->
	<item component="ComponentInfo{com.xyznh.makeimageqin/com.xyznh.makeimageqin.MainActivity}" drawable="创意氢壁纸" />

	<!-- Polar -->
	<item component="ComponentInfo{com.frowhy.smartisan/com.afollestad.polar.ui.SplashScreen}" drawable="polar" />

	<!-- 多景桌面 -->
	<item component="ComponentInfo{org.tamanegi.wallpaper.multipicture/org.tamanegi.wallpaper.multipicture.LaunchDispatcher}" drawable="多景桌面" />

	<!-- 方正字酷 -->
	<item component="ComponentInfo{com.founder.font.ui/com.founder.font.ui.splash.SplashActivity}" drawable="方正字酷" />

	<!-- 好壁纸 -->
	<item component="ComponentInfo{com.youba.wallpaper/com.youba.wallpaper.LauncherActivity}" drawable="好壁纸" />

	<!-- 好多动漫图片 -->
	<item component="ComponentInfo{com.east2d.everyimage/com.east2d.haoduo.ui.activity.SplashActivity}" drawable="好多动漫图片" />

	<!-- Huawei Themes -->
	<item component="ComponentInfo{ru.deishelon.lab.thememanager/ru.deishelon.lab.thememanager.ui.activities.ThemesActivity}" drawable="huawei_themes" />

	<!-- 滑稽图标包 -->
	<item component="ComponentInfo{kh.android.funnyiconpack/com.by_syk.lib.nanoiconpack.MainActivity}" drawable="滑稽图标包" />

	<!-- Materialize -->
	<item component="ComponentInfo{ooo.oxo.apps.materialize/ooo.oxo.apps.materialize.MainActivity}" drawable="materialize" />

	<!-- 聚酷 -->
	<item component="ComponentInfo{com.torment.juku/com.torment.juku.ui.splash.SplashActivity}" drawable="聚酷" />

	<!-- Coolapk IconPack -->
	<item component="ComponentInfo{com.coolapk.iconpack.hand_drawing/com.by_syk.lib.nanoiconpack.MainActivity}" drawable="coolapk_iconpack" />

	<!-- Cool Daily Photo -->
	<item component="ComponentInfo{com.by_syk.cooldp/com.by_syk.cooldp.HelloActivity}" drawable="cool_daily_photo" />

	<!-- 零件 -->
	<item component="ComponentInfo{com.surine.withher/com.surine.withher.Activity.MainActivity}" drawable="零件" />

	<!-- 榴莲 -->
	<item component="ComponentInfo{com.baidu.image/com.baidu.image.activity.StartMainActivity}" drawable="榴莲" />

	<!-- Mantou Earth -->
	<item component="ComponentInfo{ooo.oxo.apps.earth/ooo.oxo.apps.earth.MainActivity}" drawable="mantou_earth" />

	<!-- 面板顶栏美化 -->
	<item component="ComponentInfo{com.tinybad.headerbeauty/com.tinybad.headerbeauty.Activity.MainActivity}" drawable="面板顶栏美化" />

	<!-- 名为梦梦奈的Servant -->
	<item component="ComponentInfo{org.alie.momona/org.alie.momona.view.activity.SplashActivity}" drawable="名为梦梦奈的servant" />

	<!-- Notification Count -->
	<item component="ComponentInfo{bos.xposed.notifcount/bos.xposed.notifcount.Activity-Alias}" drawable="notification_count" />

	<!-- 全局透明悬浮 -->
	<item component="ComponentInfo{com.jian.qin/com.jian.quan.activity.LoginActivity}" drawable="全局透明悬浮" />

	<!-- 日本の伝統色 -->
	<item component="ComponentInfo{com.Delsart.color/com.Delsart.color.MainActivity}" drawable="日本の伝統色" />

	<!-- 搜狗壁纸 -->
	<item component="ComponentInfo{com.sogou.wallpaper/com.sogou.wallpaper.LaunchActivity}" drawable="搜狗壁纸" />

	<!-- 锁屏精灵 -->
	<item component="ComponentInfo{com.qigame.lock/com.qihoo.util.StartActivity}" drawable="锁屏精灵" />

	<!-- File Master -->
	<item component="ComponentInfo{com.fteam.openmaster/com.fteam.openmaster.MainActivity}" drawable="file_master" />

	<!-- 图虫 -->
	<item component="ComponentInfo{com.ss.android.tuchong/com.ss.android.tuchong.splash.controller.SplashActivity}" drawable="图虫" />

	<!-- 纹字锁屏 -->
	<item component="ComponentInfo{com.iooly.android.lockscreen/com.iooly.android.gdtad.SplashActivity}" drawable="纹字锁屏" />

	<!-- Wallpapers for Me -->
	<item component="ComponentInfo{com.apalon.wallpapers/com.apalon.wallpapers.AdConfigActivity}" drawable="wallpapers_for_me" />

	<!-- 无限壁纸 -->
	<item component="ComponentInfo{com.vc.wallpaper/com.vc.wallpaper.ui.activity.GuideActivity}" drawable="无限壁纸" />

	<!-- MiHome -->
	<item component="ComponentInfo{com.miui.mihome2/com.android.launcher2.LauncherFacade}" drawable="mihome" />

	<!-- 小圆角 -->
	<item component="ComponentInfo{com.c4x.roundcorner/com.c4x.roundcorner.ui.LauAct}" drawable="小圆角" />

	<!-- 虚无视频壁纸 -->
	<item component="ComponentInfo{com.video.lwp.setup/com.video.lwp.setup.WallpaperSettings}" drawable="虚无视频壁纸" />

	<!-- LWP of LoL -->
	<item component="ComponentInfo{com.sysoft.lollivewallpapers/com.sysoft.lollivewallpapers.UpdateActivity}" drawable="lwp_of_lol" />

	<!-- 优美图 -->
	<item component="ComponentInfo{me.topit.TopAndroid2/me.topit.ui.activity.SplashActivity}" drawable="优美图" />

	<!-- 羽翼图标包 -->
	<item component="ComponentInfo{com.jeromeshaw.iconpack.flugilo/com.jeromeshaw.iconpack.flugilo.activities.SplashActivity}" drawable="羽翼图标包" />

	<!-- PreviewIconPack -->
	<item component="ComponentInfo{com.scrymile.iconpack.yulan/com.by_syk.lib.nanoiconpack.MainActivity}" drawable="previewiconpack" />

	<!-- 云章书法字典 -->
	<item component="ComponentInfo{com.zivn.cloudbrush3/com.zivn.cloudbrush3.LoadActivity}" drawable="云章书法字典" />

	<!-- PaperTown -->
	<item component="ComponentInfo{com.gau.go.launcherex.theme.papertown2/com.gau.go.launcherex.theme.papertown2.NotificationActivity}" drawable="papertown" />

	<!-- 最美壁纸 -->
	<item component="ComponentInfo{com.brixd.wallpager/com.zuimeia.wallpaper.ui.activity.SplashScreenActivity}" drawable="最美壁纸" />

	<!-- Aeroblast Iconpack -->
	<item component="ComponentInfo{com.markusslugia.iconpack.aeroblast/com.by_syk.lib.nanoiconpack.MainActivity}" drawable="aeroblast_iconpack" />

	<!-- Android Dark Oreo 8 -->
	<item component="ComponentInfo{emui.en.com.DarkOreo8/emui.en.com.DarkOreo8.MainActivity}" drawable="android_dark_oreo_8" />

	<!-- Android Oreo 8 -->
	<item component="ComponentInfo{emui.en.com.Oreo8/emui.en.com.Oreo8.MainActivity}" drawable="android_oreo_8" />

	<!-- AndWobble -->
	<item component="ComponentInfo{com.geteit.andwobble/com.geteit.wobble.WobbleActivity}" drawable="andwobble" />

	<!-- Ango -->
	<item component="ComponentInfo{com.maxpatchs.ango/com.maxpatchs.ango.HomeActivity}" drawable="ango" />

	<!-- Backdrops -->
	<item component="ComponentInfo{com.backdrops.wallpapers/com.backdrops.wallpapers.WelcomeActivity}" drawable="backdrops" />

	<!-- Bar Iconpack -->
	<item component="ComponentInfo{com.bar.iconpack/com.by_syk.lib.nanoiconpack.MainActivity}" drawable="bar_iconpack" />

	<!-- Black-king -->
	<item component="ComponentInfo{emui.en.com.Black1/emui.en.com.Black1.MainActivity}" drawable="black-king" />

	<!-- Blurone -->
	<item component="ComponentInfo{com.nexdev.blurone/com.nexdev.blurone.MainActivity}" drawable="blurone" />

	<!-- Boot animations -->
	<item component="ComponentInfo{com.jrummy.apps.boot.animations/com.jrummyapps.bootanimations.activities.MainActivity}" drawable="boot_animations" />

	<!-- CandyCons -->
	<item component="ComponentInfo{com.zavukodlak.candycons/com.zavukodlak.candycons.HomeActivity}" drawable="candycons" />

	<!-- Cardicons Ⅱ -->
	<item component="ComponentInfo{cookdev.iconpack.ii/com.by_syk.lib.nanoiconpack.MainActivity}" drawable="cardicons_ⅱ" />

	<!-- Carton -->
	<item component="ComponentInfo{com.francescopennella.carton/com.francescopennella.carton.MainActivity}" drawable="carton" />

	<!-- CornerX IconPack -->
	<item component="ComponentInfo{com.zuoxia.iconpack/com.zuoxia.iconpack.HomeActivity}" drawable="cornerx_iconpack" />

	<!-- Cornie Icons -->
	<item component="ComponentInfo{pl.patrykgoworowski.cornieicons/pl.patrykgoworowski.cornieicons.HomeActivity}" drawable="cornie_icons" />

	<!-- Crispy -->
	<item component="ComponentInfo{com.crispy.icons.flatedge.iconpack/com.crispy.icons.flatedge.iconpack.HomeActivity}" drawable="crispy" />

	<!-- Cuto -->
	<item component="ComponentInfo{com.sspai.cuto.android/com.sspai.cuto.android.EntryActivity}" drawable="cuto" />

	<!-- Elta -->
	<item component="ComponentInfo{com.benx9.tulip/com.benx9.tulip.activities.SplashActivity}" drawable="elta" />

	<!-- EMUI Theme Store -->
	<item component="ComponentInfo{com.teammt.gmanrainy.emuithemestore/com.teammt.gmanrainy.emuithemestore.MainActivity}" drawable="emui_theme_store" />

	<!-- EMUI Themes Factory -->
	<item component="ComponentInfo{com.emuithemesfactory.emuithemesfactory/com.emuithemesfactory.emuithemesfactory.MainActivity}" drawable="emui_themes_factory" />

	<!-- EMUI Themes Factory for China -->
	<item component="ComponentInfo{com.emuithemesfactory.emuithemesfactorychina/com.emuithemesfactory.emuithemesfactorychina.MainActivity}" drawable="emui_themes_factory_for_china" />

	<!-- Flipster -->
	<item component="ComponentInfo{com.arjerine.flipster/com.arjerine.flipster.Main}" drawable="flipster" />

	<!-- Fonter Pro -->
	<item component="ComponentInfo{git.hub.font.paid/git.hub.font.MainActivity}" drawable="fonter_pro" />

	<!-- FontFix -->
	<item component="ComponentInfo{com.jrummy.font.installer/com.jrummyapps.fontfix.activities.FontListActivity}" drawable="fontfix" />

	<!-- forlm -->
	<item component="ComponentInfo{com.forlm.iconpack/com.forlm.iconpack.LiteIconActivityV3}" drawable="forlm" />

	<!-- G6 -->
	<item component="ComponentInfo{emui.en.com.G6/emui.en.com.G6.MainActivity}" drawable="g6" />

	<!-- Galet IconPack -->
	<item component="ComponentInfo{com.clydeshenry.iconpack.galet/com.by_syk.lib.nanoiconpack.MainActivity}" drawable="galet_iconpack" />

	<!-- Gemini IconPack -->
	<item component="ComponentInfo{com.clydeshenry.iconpack.gemini/com.by_syk.lib.nanoiconpack.MainActivity}" drawable="gemini_iconpack" />

	<!-- Glim -->
	<item component="ComponentInfo{com.icons.glim/com.afollestad.polar.ui.SplashScreen}" drawable="glim" />

	<!-- H₂-Styles -->
	<item component="ComponentInfo{cn.luojuly.H2OS/com.afollestad.polar.ui.SplashScreen}" drawable="h₂-styles" />

	<!-- iFlat -->
	<item component="ComponentInfo{com.theme.mumu.flat/com.afollestad.polar.ui.SplashScreen}" drawable="iflat" />

	<!-- Impulse -->
	<item component="ComponentInfo{com.prodigyarts.iconpack.impulse/com.prodigyarts.iconpack.impulse.activities.SplashActivity}" drawable="impulse" />

	<!-- KittyPlay -->
	<item component="ComponentInfo{com.kittyplay.ex/com.jiubang.kittyplay.MainActivity}" drawable="kittyplay" />

	<!-- Kustom LWP -->
	<item component="ComponentInfo{org.kustom.wallpaper/org.kustom.lib.editor.WpAdvancedEditorActivity}" drawable="kustom_lwp" />

	<!-- lineicons -->
	<item component="ComponentInfo{com.crazypig321.lineicons2/com.by_syk.lib.nanoiconpack.MainActivity}" drawable="lineicons" />

	<!-- LP IP -->
	<item component="ComponentInfo{com.LP.iconpack/com.LP.iconpack.LiteIconActivityV3}" drawable="lp_ip" />

	<!-- LTool -->
	<item component="ComponentInfo{xiaoliang.ltool/com.qihoo.util.StartActivity}" drawable="ltool" />

	<!-- Material Islands -->
	<item component="ComponentInfo{com.hippotech.materialislands/com.hippotech.materialislands.MainActivity_}" drawable="material_islands" />

	<!-- MaterialOS -->
	<item component="ComponentInfo{org.materialos.icons/com.afollestad.polar.ui.SplashScreen}" drawable="materialos" />

	<!-- MBE Style -->
	<item component="ComponentInfo{me.iacn.mbestyle/me.iacn.mbestyle.ui.activity.MainActivity}" drawable="mbe_style" />

	<!-- Mi Font Maker (FontToMtz) -->
	<item component="ComponentInfo{com.htetznaing.miuifontmaker/com.htetznaing.miuifontmaker.main}" drawable="mi_font_maker_(fonttomtz)" />

	<!-- Minimalis -->
	<item component="ComponentInfo{com.minimalis.wallpapers/com.minimalis.wallpapers.LicenseActivity}" drawable="minimalis" />

	<!-- MIUI 9 -->
	<item component="ComponentInfo{com.free.miui9.iconpack/com.free.miui9.iconpack.activities.SplashActivity}" drawable="miui_9" />

	<!-- Mix -->
	<item component="ComponentInfo{com.romowtheme.mix/com.romowtheme.mix.activities.SplashActivity}" drawable="mix" />

	<!-- Moonshine -->
	<item component="ComponentInfo{nexbit.icons.moonshine/com.natewren.dashboard.SplashScreen}" drawable="moonshine" />

	<!-- Muzei -->
	<item component="ComponentInfo{net.nurik.roman.muzei/com.google.android.apps.muzei.MuzeiActivity}" drawable="muzei" />

	<!-- Mysplash -->
	<item component="ComponentInfo{com.wangdaye.mysplash/com.wangdaye.mysplash.main.view.activity.MainActivity}" drawable="mysplash" />

	<!-- MyWallpaper -->
	<item component="ComponentInfo{com.zhangbohun.mywallpaper/com.zhangbohun.mywallpaper.activities.MainActivity}" drawable="mywallpaper" />

	<!-- Nokia Evolve+ alpha -->
	<item component="ComponentInfo{com.wanmonstar.nokiaevolveplus/com.by_syk.lib.nanoiconpack.MainActivity}" drawable="nokia_evolve+_alpha" />

	<!-- NoShadowIconPack -->
	<item component="ComponentInfo{com.tseng.iconpack.design/com.by_syk.lib.nanoiconpack.MainActivity}" drawable="noshadowiconpack" />

	<!-- Oblatum IconPack -->
	<item component="ComponentInfo{com.oblatum.iconpack/com.by_syk.lib.nanoiconpack.MainActivity}" drawable="oblatum_iconpack" />

	<!-- OMFG Icon Pack -->
	<item component="ComponentInfo{com.sftmi.iconpack.omfg/com.by_syk.nanoiconpack.sample.MainActivity}" drawable="omfg_icon_pack" />

	<!-- OS X -->
	<item component="ComponentInfo{emui.en.com.OS11beta/emui.en.com.OS11beta.MainActivity}" drawable="os_x" />

	<!-- Party Star -->
	<item component="ComponentInfo{com.paidax.iconpack.partystar/com.by_syk.lib.nanoiconpack.MainActivity}" drawable="party_star" />

	<!-- PDCIconPack -->
	<item component="ComponentInfo{com.pandecheng.iconpack/com.by_syk.nanoiconpack.sample.MainActivity}" drawable="pdciconpack" />

	<!-- Pelmix Icon Pack -->
	<item component="ComponentInfo{com.edward.iconpack.pelmix/com.by_syk.lib.nanoiconpack.MainActivity}" drawable="pelmix_icon_pack" />

	<!-- Pitaya IconPack -->
	<item component="ComponentInfo{com.pitaya.iconpack/com.afollestad.polar.ui.SplashScreen}" drawable="pitaya_iconpack" />

	<!-- pixiv -->
	<item component="ComponentInfo{jp.pxv.android/jp.pxv.android.activity.RoutingActivity}" drawable="pixiv" />

	<!-- Pixseed -->
	<item component="ComponentInfo{com.pixseed.iconpack/com.pixlor.iconpack.LiteIconActivityV3}" drawable="pixseed" />

	<!-- Polycon -->
	<item component="ComponentInfo{com.thearclabs.polycon/com.afollestad.polar.ui.MainActivity}" drawable="polycon" />

	<!-- Pure AOSP EMUI 4.X -->
	<item component="ComponentInfo{h7.hamzio7.pureaospemui4x/h7.hamzio7.pureaospemui4x.MainActivity}" drawable="pure_aosp_emui_4.x" />

	<!-- Pure AOSP Theme -->
	<item component="ComponentInfo{h7.hamzio7.aosp.ps/h7.hamzio7.aosp.ps.MainActivity}" drawable="pure_aosp_theme" />

	<!-- Pure IconPack Lite -->
	<item component="ComponentInfo{me.morirain.dev.iconpack.pure.lite/com.by_syk.nanoiconpack.lite.LiteIconActivity}" drawable="pure_iconpack_lite" />

	<!-- Retrome Wallpapers -->
	<item component="ComponentInfo{com.daviidh.wallpaper.retrome/com.daviidh.wallpaper.retrome.activities.SplashActivity}" drawable="retrome_wallpapers" />

	<!-- Rondo -->
	<item component="ComponentInfo{com.benx9.cactus/com.benx9.cactus.activities.SplashActivity}" drawable="rondo" />

	<!-- Rufus -->
	<item component="ComponentInfo{com.benx9.poppy/com.benx9.poppy.LicenseActivity}" drawable="rufus" />

	<!-- S8 Dark EMUI 5 Theme -->
	<item component="ComponentInfo{emui.en.com.s8darkemui5theme/emui.en.com.s8darkemui5theme.MainActivity}" drawable="s8_dark_emui_5_theme" />

	<!-- Simpax -->
	<item component="ComponentInfo{com.sikebo.simpax.icons/com.sikebo.simpax.minimalSimplicityIcons.activities.SplashActivity}" drawable="simpax" />

	<!-- SmaliteIconPack -->
	<item component="ComponentInfo{com.sjk.smaliteiconpack/com.by_syk.lib.nanoiconpack.MainActivity}" drawable="smaliteiconpack" />

	<!-- Smartisan Iconpack -->
	<item component="ComponentInfo{com.sm.iconpack/com.pixlor.iconpack.LiteIconActivityV3}" drawable="smartisan_iconpack" />

	<!-- SunmIconPack -->
	<item component="ComponentInfo{com.by_zen.sunmiconpack/com.by_syk.lib.nanoiconpack.MainActivity}" drawable="sunmiconpack" />

	<!-- Tapet -->
	<item component="ComponentInfo{com.sharpregion.tapet/com.sharpregion.tapet.MainActivity}" drawable="tapet" />

	<!-- Tersus -->
	<item component="ComponentInfo{kov.theme.tersus2/core.app.LauncherIconActivity}" drawable="tersus" />

	<!-- Voxel -->
	<item component="ComponentInfo{com.benx9.palmtree/com.benx9.palmtree.activities.SplashActivity}" drawable="voxel" />

	<!-- Wallbase -->
	<item component="ComponentInfo{com.citc.wallbase/com.citc.wallbase.activities.Start}" drawable="wallbase" />

	<!-- Walloid -->
	<item component="ComponentInfo{com.hashcode.walloid/com.hashcode.walloid.chirag.SplashActivity}" drawable="walloid" />

	<!-- Wechat Black Mod -->
	<item component="ComponentInfo{com.qinghuan.wechat.black/substratum.theme.template.SplashActivity}" drawable="wechat_black_mod" />

	<!-- White_King -->
	<item component="ComponentInfo{emui.en.com.white1/emui.en.com.white1.MainActivity}" drawable="white_king" />

	<!-- Witness -->
	<item component="ComponentInfo{com.ken.nanoiconpack.witness/com.by_syk.lib.nanoiconpack.MainActivity}" drawable="witness" />

	<!-- X-Flat图标包 -->
	<item component="ComponentInfo{com.wokee.xflat/com.by_syk.lib.nanoiconpack.MainActivity}" drawable="x-flat图标包" />

	<!-- Xperia™ Motion Snap -->
	<item component="ComponentInfo{com.sonymobile.motionsnap/com.sonymobile.motionsnap.LauncherActivity}" drawable="xperia™_motion_snap" />

</resources>