<appmap>

	<!-- 阿库娅手绘图标包 -->
	<item class="com.by_syk.lib.nanoiconpack.MainActivity" name="阿库娅手绘图标包" />

	<!-- 安卓壁纸 -->
	<item class="com.adesk.picasso.view.MainActivity" name="安卓壁纸" />

	<!-- 安卓动态壁纸 -->
	<item class="com.androidesk.livewallpaper.AwpHomeActivity" name="安卓动态壁纸" />

	<!-- 百度壁纸 -->
	<item class="com.baidu.wallpaper.ui.home.TheHomeAcitvity" name="百度壁纸" />

	<!-- CoolWallpaper -->
	<item class="com.miui.wallpaper.activity.HomeActivity" name="coolwallpaper" />

	<!-- 坂坂 -->
	<item class="com.mocuz.banban.ui.main.activity.SplashActivity" name="坂坂" />

	<!-- Wallpapers -->
	<item class="com.google.android.apps.wallpaper.picker.CategoryPickerActivity" name="wallpapers" />

	<!-- 边缘闪光 -->
	<item class="com.panshen.ui.activity.SplashActivity" name="边缘闪光" />

	<!-- Pin -->
	<item class="com.kyleduo.pin.ui.MainActivity" name="pin" />

	<!-- 创意氢壁纸 -->
	<item class="com.xyznh.makeimageqin.MainActivity" name="创意氢壁纸" />

	<!-- Polar -->
	<item class="com.afollestad.polar.ui.SplashScreen" name="polar" />

	<!-- 多景桌面 -->
	<item class="org.tamanegi.wallpaper.multipicture.LaunchDispatcher" name="多景桌面" />

	<!-- 方正字酷 -->
	<item class="com.founder.font.ui.splash.SplashActivity" name="方正字酷" />

	<!-- 好壁纸 -->
	<item class="com.youba.wallpaper.LauncherActivity" name="好壁纸" />

	<!-- 好多动漫图片 -->
	<item class="com.east2d.haoduo.ui.activity.SplashActivity" name="好多动漫图片" />

	<!-- Huawei Themes -->
	<item class="ru.deishelon.lab.thememanager.ui.activities.ThemesActivity" name="huawei_themes" />

	<!-- 滑稽图标包 -->
	<item class="com.by_syk.lib.nanoiconpack.MainActivity" name="滑稽图标包" />

	<!-- Materialize -->
	<item class="ooo.oxo.apps.materialize.MainActivity" name="materialize" />

	<!-- 聚酷 -->
	<item class="com.torment.juku.ui.splash.SplashActivity" name="聚酷" />

	<!-- Coolapk IconPack -->
	<item class="com.by_syk.lib.nanoiconpack.MainActivity" name="coolapk_iconpack" />

	<!-- Cool Daily Photo -->
	<item class="com.by_syk.cooldp.HelloActivity" name="cool_daily_photo" />

	<!-- 零件 -->
	<item class="com.surine.withher.Activity.MainActivity" name="零件" />

	<!-- 榴莲 -->
	<item class="com.baidu.image.activity.StartMainActivity" name="榴莲" />

	<!-- Mantou Earth -->
	<item class="ooo.oxo.apps.earth.MainActivity" name="mantou_earth" />

	<!-- 面板顶栏美化 -->
	<item class="com.tinybad.headerbeauty.Activity.MainActivity" name="面板顶栏美化" />

	<!-- 名为梦梦奈的Servant -->
	<item class="org.alie.momona.view.activity.SplashActivity" name="名为梦梦奈的servant" />

	<!-- Notification Count -->
	<item class="bos.xposed.notifcount.Activity-Alias" name="notification_count" />

	<!-- 全局透明悬浮 -->
	<item class="com.jian.quan.activity.LoginActivity" name="全局透明悬浮" />

	<!-- 日本の伝統色 -->
	<item class="com.Delsart.color.MainActivity" name="日本の伝統色" />

	<!-- 搜狗壁纸 -->
	<item class="com.sogou.wallpaper.LaunchActivity" name="搜狗壁纸" />

	<!-- 锁屏精灵 -->
	<item class="com.qihoo.util.StartActivity" name="锁屏精灵" />

	<!-- File Master -->
	<item class="com.fteam.openmaster.MainActivity" name="file_master" />

	<!-- 图虫 -->
	<item class="com.ss.android.tuchong.splash.controller.SplashActivity" name="图虫" />

	<!-- 纹字锁屏 -->
	<item class="com.iooly.android.gdtad.SplashActivity" name="纹字锁屏" />

	<!-- Wallpapers for Me -->
	<item class="com.apalon.wallpapers.AdConfigActivity" name="wallpapers_for_me" />

	<!-- 无限壁纸 -->
	<item class="com.vc.wallpaper.ui.activity.GuideActivity" name="无限壁纸" />

	<!-- MiHome -->
	<item class="com.android.launcher2.LauncherFacade" name="mihome" />

	<!-- 小圆角 -->
	<item class="com.c4x.roundcorner.ui.LauAct" name="小圆角" />

	<!-- 虚无视频壁纸 -->
	<item class="com.video.lwp.setup.WallpaperSettings" name="虚无视频壁纸" />

	<!-- LWP of LoL -->
	<item class="com.sysoft.lollivewallpapers.UpdateActivity" name="lwp_of_lol" />

	<!-- 优美图 -->
	<item class="me.topit.ui.activity.SplashActivity" name="优美图" />

	<!-- 羽翼图标包 -->
	<item class="com.jeromeshaw.iconpack.flugilo.activities.SplashActivity" name="羽翼图标包" />

	<!-- PreviewIconPack -->
	<item class="com.by_syk.lib.nanoiconpack.MainActivity" name="previewiconpack" />

	<!-- 云章书法字典 -->
	<item class="com.zivn.cloudbrush3.LoadActivity" name="云章书法字典" />

	<!-- PaperTown -->
	<item class="com.gau.go.launcherex.theme.papertown2.NotificationActivity" name="papertown" />

	<!-- 最美壁纸 -->
	<item class="com.zuimeia.wallpaper.ui.activity.SplashScreenActivity" name="最美壁纸" />

	<!-- Aeroblast Iconpack -->
	<item class="com.by_syk.lib.nanoiconpack.MainActivity" name="aeroblast_iconpack" />

	<!-- Android Dark Oreo 8 -->
	<item class="emui.en.com.DarkOreo8.MainActivity" name="android_dark_oreo_8" />

	<!-- Android Oreo 8 -->
	<item class="emui.en.com.Oreo8.MainActivity" name="android_oreo_8" />

	<!-- AndWobble -->
	<item class="com.geteit.wobble.WobbleActivity" name="andwobble" />

	<!-- Ango -->
	<item class="com.maxpatchs.ango.HomeActivity" name="ango" />

	<!-- Backdrops -->
	<item class="com.backdrops.wallpapers.WelcomeActivity" name="backdrops" />

	<!-- Bar Iconpack -->
	<item class="com.by_syk.lib.nanoiconpack.MainActivity" name="bar_iconpack" />

	<!-- Black-king -->
	<item class="emui.en.com.Black1.MainActivity" name="black-king" />

	<!-- Blurone -->
	<item class="com.nexdev.blurone.MainActivity" name="blurone" />

	<!-- Boot animations -->
	<item class="com.jrummyapps.bootanimations.activities.MainActivity" name="boot_animations" />

	<!-- CandyCons -->
	<item class="com.zavukodlak.candycons.HomeActivity" name="candycons" />

	<!-- Cardicons Ⅱ -->
	<item class="com.by_syk.lib.nanoiconpack.MainActivity" name="cardicons_ⅱ" />

	<!-- Carton -->
	<item class="com.francescopennella.carton.MainActivity" name="carton" />

	<!-- CornerX IconPack -->
	<item class="com.zuoxia.iconpack.HomeActivity" name="cornerx_iconpack" />

	<!-- Cornie Icons -->
	<item class="pl.patrykgoworowski.cornieicons.HomeActivity" name="cornie_icons" />

	<!-- Crispy -->
	<item class="com.crispy.icons.flatedge.iconpack.HomeActivity" name="crispy" />

	<!-- Cuto -->
	<item class="com.sspai.cuto.android.EntryActivity" name="cuto" />

	<!-- Elta -->
	<item class="com.benx9.tulip.activities.SplashActivity" name="elta" />

	<!-- EMUI Theme Store -->
	<item class="com.teammt.gmanrainy.emuithemestore.MainActivity" name="emui_theme_store" />

	<!-- EMUI Themes Factory -->
	<item class="com.emuithemesfactory.emuithemesfactory.MainActivity" name="emui_themes_factory" />

	<!-- EMUI Themes Factory for China -->
	<item class="com.emuithemesfactory.emuithemesfactorychina.MainActivity" name="emui_themes_factory_for_china" />

	<!-- Flipster -->
	<item class="com.arjerine.flipster.Main" name="flipster" />

	<!-- Fonter Pro -->
	<item class="git.hub.font.MainActivity" name="fonter_pro" />

	<!-- FontFix -->
	<item class="com.jrummyapps.fontfix.activities.FontListActivity" name="fontfix" />

	<!-- forlm -->
	<item class="com.forlm.iconpack.LiteIconActivityV3" name="forlm" />

	<!-- G6 -->
	<item class="emui.en.com.G6.MainActivity" name="g6" />

	<!-- Galet IconPack -->
	<item class="com.by_syk.lib.nanoiconpack.MainActivity" name="galet_iconpack" />

	<!-- Gemini IconPack -->
	<item class="com.by_syk.lib.nanoiconpack.MainActivity" name="gemini_iconpack" />

	<!-- Glim -->
	<item class="com.afollestad.polar.ui.SplashScreen" name="glim" />

	<!-- H₂-Styles -->
	<item class="com.afollestad.polar.ui.SplashScreen" name="h₂-styles" />

	<!-- iFlat -->
	<item class="com.afollestad.polar.ui.SplashScreen" name="iflat" />

	<!-- Impulse -->
	<item class="com.prodigyarts.iconpack.impulse.activities.SplashActivity" name="impulse" />

	<!-- KittyPlay -->
	<item class="com.jiubang.kittyplay.MainActivity" name="kittyplay" />

	<!-- Kustom LWP -->
	<item class="org.kustom.lib.editor.WpAdvancedEditorActivity" name="kustom_lwp" />

	<!-- lineicons -->
	<item class="com.by_syk.lib.nanoiconpack.MainActivity" name="lineicons" />

	<!-- LP IP -->
	<item class="com.LP.iconpack.LiteIconActivityV3" name="lp_ip" />

	<!-- LTool -->
	<item class="com.qihoo.util.StartActivity" name="ltool" />

	<!-- Material Islands -->
	<item class="com.hippotech.materialislands.MainActivity_" name="material_islands" />

	<!-- MaterialOS -->
	<item class="com.afollestad.polar.ui.SplashScreen" name="materialos" />

	<!-- MBE Style -->
	<item class="me.iacn.mbestyle.ui.activity.MainActivity" name="mbe_style" />

	<!-- Mi Font Maker (FontToMtz) -->
	<item class="com.htetznaing.miuifontmaker.main" name="mi_font_maker_(fonttomtz)" />

	<!-- Minimalis -->
	<item class="com.minimalis.wallpapers.LicenseActivity" name="minimalis" />

	<!-- MIUI 9 -->
	<item class="com.free.miui9.iconpack.activities.SplashActivity" name="miui_9" />

	<!-- Mix -->
	<item class="com.romowtheme.mix.activities.SplashActivity" name="mix" />

	<!-- Moonshine -->
	<item class="com.natewren.dashboard.SplashScreen" name="moonshine" />

	<!-- Muzei -->
	<item class="com.google.android.apps.muzei.MuzeiActivity" name="muzei" />

	<!-- Mysplash -->
	<item class="com.wangdaye.mysplash.main.view.activity.MainActivity" name="mysplash" />

	<!-- MyWallpaper -->
	<item class="com.zhangbohun.mywallpaper.activities.MainActivity" name="mywallpaper" />

	<!-- Nokia Evolve+ alpha -->
	<item class="com.by_syk.lib.nanoiconpack.MainActivity" name="nokia_evolve+_alpha" />

	<!-- NoShadowIconPack -->
	<item class="com.by_syk.lib.nanoiconpack.MainActivity" name="noshadowiconpack" />

	<!-- Oblatum IconPack -->
	<item class="com.by_syk.lib.nanoiconpack.MainActivity" name="oblatum_iconpack" />

	<!-- OMFG Icon Pack -->
	<item class="com.by_syk.nanoiconpack.sample.MainActivity" name="omfg_icon_pack" />

	<!-- OS X -->
	<item class="emui.en.com.OS11beta.MainActivity" name="os_x" />

	<!-- Party Star -->
	<item class="com.by_syk.lib.nanoiconpack.MainActivity" name="party_star" />

	<!-- PDCIconPack -->
	<item class="com.by_syk.nanoiconpack.sample.MainActivity" name="pdciconpack" />

	<!-- Pelmix Icon Pack -->
	<item class="com.by_syk.lib.nanoiconpack.MainActivity" name="pelmix_icon_pack" />

	<!-- Pitaya IconPack -->
	<item class="com.afollestad.polar.ui.SplashScreen" name="pitaya_iconpack" />

	<!-- pixiv -->
	<item class="jp.pxv.android.activity.RoutingActivity" name="pixiv" />

	<!-- Pixseed -->
	<item class="com.pixlor.iconpack.LiteIconActivityV3" name="pixseed" />

	<!-- Polycon -->
	<item class="com.afollestad.polar.ui.MainActivity" name="polycon" />

	<!-- Pure AOSP EMUI 4.X -->
	<item class="h7.hamzio7.pureaospemui4x.MainActivity" name="pure_aosp_emui_4.x" />

	<!-- Pure AOSP Theme -->
	<item class="h7.hamzio7.aosp.ps.MainActivity" name="pure_aosp_theme" />

	<!-- Pure IconPack Lite -->
	<item class="com.by_syk.nanoiconpack.lite.LiteIconActivity" name="pure_iconpack_lite" />

	<!-- Retrome Wallpapers -->
	<item class="com.daviidh.wallpaper.retrome.activities.SplashActivity" name="retrome_wallpapers" />

	<!-- Rondo -->
	<item class="com.benx9.cactus.activities.SplashActivity" name="rondo" />

	<!-- Rufus -->
	<item class="com.benx9.poppy.LicenseActivity" name="rufus" />

	<!-- S8 Dark EMUI 5 Theme -->
	<item class="emui.en.com.s8darkemui5theme.MainActivity" name="s8_dark_emui_5_theme" />

	<!-- Simpax -->
	<item class="com.sikebo.simpax.minimalSimplicityIcons.activities.SplashActivity" name="simpax" />

	<!-- SmaliteIconPack -->
	<item class="com.by_syk.lib.nanoiconpack.MainActivity" name="smaliteiconpack" />

	<!-- Smartisan Iconpack -->
	<item class="com.pixlor.iconpack.LiteIconActivityV3" name="smartisan_iconpack" />

	<!-- SunmIconPack -->
	<item class="com.by_syk.lib.nanoiconpack.MainActivity" name="sunmiconpack" />

	<!-- Tapet -->
	<item class="com.sharpregion.tapet.MainActivity" name="tapet" />

	<!-- Tersus -->
	<item class="core.app.LauncherIconActivity" name="tersus" />

	<!-- Voxel -->
	<item class="com.benx9.palmtree.activities.SplashActivity" name="voxel" />

	<!-- Wallbase -->
	<item class="com.citc.wallbase.activities.Start" name="wallbase" />

	<!-- Walloid -->
	<item class="com.hashcode.walloid.chirag.SplashActivity" name="walloid" />

	<!-- Wechat Black Mod -->
	<item class="substratum.theme.template.SplashActivity" name="wechat_black_mod" />

	<!-- White_King -->
	<item class="emui.en.com.white1.MainActivity" name="white_king" />

	<!-- Witness -->
	<item class="com.by_syk.lib.nanoiconpack.MainActivity" name="witness" />

	<!-- X-Flat图标包 -->
	<item class="com.by_syk.lib.nanoiconpack.MainActivity" name="x-flat图标包" />

	<!-- Xperia™ Motion Snap -->
	<item class="com.sonymobile.motionsnap.LauncherActivity" name="xperia™_motion_snap" />

</appmap>