<Theme version="1">

	<!-- 阿库娅手绘图标包 -->
	<AppIcon name="com.dsrinc.ihpiconpack/com.by_syk.lib.nanoiconpack.MainActivity" image="阿库娅手绘图标包" />

	<!-- 安卓壁纸 -->
	<AppIcon name="com.androidesk/com.adesk.picasso.view.MainActivity" image="安卓壁纸" />

	<!-- 安卓动态壁纸 -->
	<AppIcon name="com.androidesk.livewallpaper/com.androidesk.livewallpaper.AwpHomeActivity" image="安卓动态壁纸" />

	<!-- 百度壁纸 -->
	<AppIcon name="com.baidu.wallpaper/com.baidu.wallpaper.ui.home.TheHomeAcitvity" image="百度壁纸" />

	<!-- CoolWallpaper -->
	<AppIcon name="com.miui.coolwallpaper/com.miui.wallpaper.activity.HomeActivity" image="coolwallpaper" />

	<!-- 坂坂 -->
	<AppIcon name="com.banban.bbslite/com.mocuz.banban.ui.main.activity.SplashActivity" image="坂坂" />

	<!-- Wallpapers -->
	<AppIcon name="com.google.android.apps.wallpaper/com.google.android.apps.wallpaper.picker.CategoryPickerActivity" image="wallpapers" />

	<!-- 边缘闪光 -->
	<AppIcon name="com.panshen.edgelighting/com.panshen.ui.activity.SplashActivity" image="边缘闪光" />

	<!-- Pin -->
	<AppIcon name="com.kyleduo.pin/com.kyleduo.pin.ui.MainActivity" image="pin" />

	<!-- 创意氢壁纸 -->
	<AppIcon name="com.xyznh.makeimageqin/com.xyznh.makeimageqin.MainActivity" image="创意氢壁纸" />

	<!-- Polar -->
	<AppIcon name="com.frowhy.smartisan/com.afollestad.polar.ui.SplashScreen" image="polar" />

	<!-- 多景桌面 -->
	<AppIcon name="org.tamanegi.wallpaper.multipicture/org.tamanegi.wallpaper.multipicture.LaunchDispatcher" image="多景桌面" />

	<!-- 方正字酷 -->
	<AppIcon name="com.founder.font.ui/com.founder.font.ui.splash.SplashActivity" image="方正字酷" />

	<!-- 好壁纸 -->
	<AppIcon name="com.youba.wallpaper/com.youba.wallpaper.LauncherActivity" image="好壁纸" />

	<!-- 好多动漫图片 -->
	<AppIcon name="com.east2d.everyimage/com.east2d.haoduo.ui.activity.SplashActivity" image="好多动漫图片" />

	<!-- Huawei Themes -->
	<AppIcon name="ru.deishelon.lab.thememanager/ru.deishelon.lab.thememanager.ui.activities.ThemesActivity" image="huawei_themes" />

	<!-- 滑稽图标包 -->
	<AppIcon name="kh.android.funnyiconpack/com.by_syk.lib.nanoiconpack.MainActivity" image="滑稽图标包" />

	<!-- Materialize -->
	<AppIcon name="ooo.oxo.apps.materialize/ooo.oxo.apps.materialize.MainActivity" image="materialize" />

	<!-- 聚酷 -->
	<AppIcon name="com.torment.juku/com.torment.juku.ui.splash.SplashActivity" image="聚酷" />

	<!-- Coolapk IconPack -->
	<AppIcon name="com.coolapk.iconpack.hand_drawing/com.by_syk.lib.nanoiconpack.MainActivity" image="coolapk_iconpack" />

	<!-- Cool Daily Photo -->
	<AppIcon name="com.by_syk.cooldp/com.by_syk.cooldp.HelloActivity" image="cool_daily_photo" />

	<!-- 零件 -->
	<AppIcon name="com.surine.withher/com.surine.withher.Activity.MainActivity" image="零件" />

	<!-- 榴莲 -->
	<AppIcon name="com.baidu.image/com.baidu.image.activity.StartMainActivity" image="榴莲" />

	<!-- Mantou Earth -->
	<AppIcon name="ooo.oxo.apps.earth/ooo.oxo.apps.earth.MainActivity" image="mantou_earth" />

	<!-- 面板顶栏美化 -->
	<AppIcon name="com.tinybad.headerbeauty/com.tinybad.headerbeauty.Activity.MainActivity" image="面板顶栏美化" />

	<!-- 名为梦梦奈的Servant -->
	<AppIcon name="org.alie.momona/org.alie.momona.view.activity.SplashActivity" image="名为梦梦奈的servant" />

	<!-- Notification Count -->
	<AppIcon name="bos.xposed.notifcount/bos.xposed.notifcount.Activity-Alias" image="notification_count" />

	<!-- 全局透明悬浮 -->
	<AppIcon name="com.jian.qin/com.jian.quan.activity.LoginActivity" image="全局透明悬浮" />

	<!-- 日本の伝統色 -->
	<AppIcon name="com.Delsart.color/com.Delsart.color.MainActivity" image="日本の伝統色" />

	<!-- 搜狗壁纸 -->
	<AppIcon name="com.sogou.wallpaper/com.sogou.wallpaper.LaunchActivity" image="搜狗壁纸" />

	<!-- 锁屏精灵 -->
	<AppIcon name="com.qigame.lock/com.qihoo.util.StartActivity" image="锁屏精灵" />

	<!-- File Master -->
	<AppIcon name="com.fteam.openmaster/com.fteam.openmaster.MainActivity" image="file_master" />

	<!-- 图虫 -->
	<AppIcon name="com.ss.android.tuchong/com.ss.android.tuchong.splash.controller.SplashActivity" image="图虫" />

	<!-- 纹字锁屏 -->
	<AppIcon name="com.iooly.android.lockscreen/com.iooly.android.gdtad.SplashActivity" image="纹字锁屏" />

	<!-- Wallpapers for Me -->
	<AppIcon name="com.apalon.wallpapers/com.apalon.wallpapers.AdConfigActivity" image="wallpapers_for_me" />

	<!-- 无限壁纸 -->
	<AppIcon name="com.vc.wallpaper/com.vc.wallpaper.ui.activity.GuideActivity" image="无限壁纸" />

	<!-- MiHome -->
	<AppIcon name="com.miui.mihome2/com.android.launcher2.LauncherFacade" image="mihome" />

	<!-- 小圆角 -->
	<AppIcon name="com.c4x.roundcorner/com.c4x.roundcorner.ui.LauAct" image="小圆角" />

	<!-- 虚无视频壁纸 -->
	<AppIcon name="com.video.lwp.setup/com.video.lwp.setup.WallpaperSettings" image="虚无视频壁纸" />

	<!-- LWP of LoL -->
	<AppIcon name="com.sysoft.lollivewallpapers/com.sysoft.lollivewallpapers.UpdateActivity" image="lwp_of_lol" />

	<!-- 优美图 -->
	<AppIcon name="me.topit.TopAndroid2/me.topit.ui.activity.SplashActivity" image="优美图" />

	<!-- 羽翼图标包 -->
	<AppIcon name="com.jeromeshaw.iconpack.flugilo/com.jeromeshaw.iconpack.flugilo.activities.SplashActivity" image="羽翼图标包" />

	<!-- PreviewIconPack -->
	<AppIcon name="com.scrymile.iconpack.yulan/com.by_syk.lib.nanoiconpack.MainActivity" image="previewiconpack" />

	<!-- 云章书法字典 -->
	<AppIcon name="com.zivn.cloudbrush3/com.zivn.cloudbrush3.LoadActivity" image="云章书法字典" />

	<!-- PaperTown -->
	<AppIcon name="com.gau.go.launcherex.theme.papertown2/com.gau.go.launcherex.theme.papertown2.NotificationActivity" image="papertown" />

	<!-- 最美壁纸 -->
	<AppIcon name="com.brixd.wallpager/com.zuimeia.wallpaper.ui.activity.SplashScreenActivity" image="最美壁纸" />

	<!-- Aeroblast Iconpack -->
	<AppIcon name="com.markusslugia.iconpack.aeroblast/com.by_syk.lib.nanoiconpack.MainActivity" image="aeroblast_iconpack" />

	<!-- Android Dark Oreo 8 -->
	<AppIcon name="emui.en.com.DarkOreo8/emui.en.com.DarkOreo8.MainActivity" image="android_dark_oreo_8" />

	<!-- Android Oreo 8 -->
	<AppIcon name="emui.en.com.Oreo8/emui.en.com.Oreo8.MainActivity" image="android_oreo_8" />

	<!-- AndWobble -->
	<AppIcon name="com.geteit.andwobble/com.geteit.wobble.WobbleActivity" image="andwobble" />

	<!-- Ango -->
	<AppIcon name="com.maxpatchs.ango/com.maxpatchs.ango.HomeActivity" image="ango" />

	<!-- Backdrops -->
	<AppIcon name="com.backdrops.wallpapers/com.backdrops.wallpapers.WelcomeActivity" image="backdrops" />

	<!-- Bar Iconpack -->
	<AppIcon name="com.bar.iconpack/com.by_syk.lib.nanoiconpack.MainActivity" image="bar_iconpack" />

	<!-- Black-king -->
	<AppIcon name="emui.en.com.Black1/emui.en.com.Black1.MainActivity" image="black-king" />

	<!-- Blurone -->
	<AppIcon name="com.nexdev.blurone/com.nexdev.blurone.MainActivity" image="blurone" />

	<!-- Boot animations -->
	<AppIcon name="com.jrummy.apps.boot.animations/com.jrummyapps.bootanimations.activities.MainActivity" image="boot_animations" />

	<!-- CandyCons -->
	<AppIcon name="com.zavukodlak.candycons/com.zavukodlak.candycons.HomeActivity" image="candycons" />

	<!-- Cardicons Ⅱ -->
	<AppIcon name="cookdev.iconpack.ii/com.by_syk.lib.nanoiconpack.MainActivity" image="cardicons_ⅱ" />

	<!-- Carton -->
	<AppIcon name="com.francescopennella.carton/com.francescopennella.carton.MainActivity" image="carton" />

	<!-- CornerX IconPack -->
	<AppIcon name="com.zuoxia.iconpack/com.zuoxia.iconpack.HomeActivity" image="cornerx_iconpack" />

	<!-- Cornie Icons -->
	<AppIcon name="pl.patrykgoworowski.cornieicons/pl.patrykgoworowski.cornieicons.HomeActivity" image="cornie_icons" />

	<!-- Crispy -->
	<AppIcon name="com.crispy.icons.flatedge.iconpack/com.crispy.icons.flatedge.iconpack.HomeActivity" image="crispy" />

	<!-- Cuto -->
	<AppIcon name="com.sspai.cuto.android/com.sspai.cuto.android.EntryActivity" image="cuto" />

	<!-- Elta -->
	<AppIcon name="com.benx9.tulip/com.benx9.tulip.activities.SplashActivity" image="elta" />

	<!-- EMUI Theme Store -->
	<AppIcon name="com.teammt.gmanrainy.emuithemestore/com.teammt.gmanrainy.emuithemestore.MainActivity" image="emui_theme_store" />

	<!-- EMUI Themes Factory -->
	<AppIcon name="com.emuithemesfactory.emuithemesfactory/com.emuithemesfactory.emuithemesfactory.MainActivity" image="emui_themes_factory" />

	<!-- EMUI Themes Factory for China -->
	<AppIcon name="com.emuithemesfactory.emuithemesfactorychina/com.emuithemesfactory.emuithemesfactorychina.MainActivity" image="emui_themes_factory_for_china" />

	<!-- Flipster -->
	<AppIcon name="com.arjerine.flipster/com.arjerine.flipster.Main" image="flipster" />

	<!-- Fonter Pro -->
	<AppIcon name="git.hub.font.paid/git.hub.font.MainActivity" image="fonter_pro" />

	<!-- FontFix -->
	<AppIcon name="com.jrummy.font.installer/com.jrummyapps.fontfix.activities.FontListActivity" image="fontfix" />

	<!-- forlm -->
	<AppIcon name="com.forlm.iconpack/com.forlm.iconpack.LiteIconActivityV3" image="forlm" />

	<!-- G6 -->
	<AppIcon name="emui.en.com.G6/emui.en.com.G6.MainActivity" image="g6" />

	<!-- Galet IconPack -->
	<AppIcon name="com.clydeshenry.iconpack.galet/com.by_syk.lib.nanoiconpack.MainActivity" image="galet_iconpack" />

	<!-- Gemini IconPack -->
	<AppIcon name="com.clydeshenry.iconpack.gemini/com.by_syk.lib.nanoiconpack.MainActivity" image="gemini_iconpack" />

	<!-- Glim -->
	<AppIcon name="com.icons.glim/com.afollestad.polar.ui.SplashScreen" image="glim" />

	<!-- H₂-Styles -->
	<AppIcon name="cn.luojuly.H2OS/com.afollestad.polar.ui.SplashScreen" image="h₂-styles" />

	<!-- iFlat -->
	<AppIcon name="com.theme.mumu.flat/com.afollestad.polar.ui.SplashScreen" image="iflat" />

	<!-- Impulse -->
	<AppIcon name="com.prodigyarts.iconpack.impulse/com.prodigyarts.iconpack.impulse.activities.SplashActivity" image="impulse" />

	<!-- KittyPlay -->
	<AppIcon name="com.kittyplay.ex/com.jiubang.kittyplay.MainActivity" image="kittyplay" />

	<!-- Kustom LWP -->
	<AppIcon name="org.kustom.wallpaper/org.kustom.lib.editor.WpAdvancedEditorActivity" image="kustom_lwp" />

	<!-- lineicons -->
	<AppIcon name="com.crazypig321.lineicons2/com.by_syk.lib.nanoiconpack.MainActivity" image="lineicons" />

	<!-- LP IP -->
	<AppIcon name="com.LP.iconpack/com.LP.iconpack.LiteIconActivityV3" image="lp_ip" />

	<!-- LTool -->
	<AppIcon name="xiaoliang.ltool/com.qihoo.util.StartActivity" image="ltool" />

	<!-- Material Islands -->
	<AppIcon name="com.hippotech.materialislands/com.hippotech.materialislands.MainActivity_" image="material_islands" />

	<!-- MaterialOS -->
	<AppIcon name="org.materialos.icons/com.afollestad.polar.ui.SplashScreen" image="materialos" />

	<!-- MBE Style -->
	<AppIcon name="me.iacn.mbestyle/me.iacn.mbestyle.ui.activity.MainActivity" image="mbe_style" />

	<!-- Mi Font Maker (FontToMtz) -->
	<AppIcon name="com.htetznaing.miuifontmaker/com.htetznaing.miuifontmaker.main" image="mi_font_maker_(fonttomtz)" />

	<!-- Minimalis -->
	<AppIcon name="com.minimalis.wallpapers/com.minimalis.wallpapers.LicenseActivity" image="minimalis" />

	<!-- MIUI 9 -->
	<AppIcon name="com.free.miui9.iconpack/com.free.miui9.iconpack.activities.SplashActivity" image="miui_9" />

	<!-- Mix -->
	<AppIcon name="com.romowtheme.mix/com.romowtheme.mix.activities.SplashActivity" image="mix" />

	<!-- Moonshine -->
	<AppIcon name="nexbit.icons.moonshine/com.natewren.dashboard.SplashScreen" image="moonshine" />

	<!-- Muzei -->
	<AppIcon name="net.nurik.roman.muzei/com.google.android.apps.muzei.MuzeiActivity" image="muzei" />

	<!-- Mysplash -->
	<AppIcon name="com.wangdaye.mysplash/com.wangdaye.mysplash.main.view.activity.MainActivity" image="mysplash" />

	<!-- MyWallpaper -->
	<AppIcon name="com.zhangbohun.mywallpaper/com.zhangbohun.mywallpaper.activities.MainActivity" image="mywallpaper" />

	<!-- Nokia Evolve+ alpha -->
	<AppIcon name="com.wanmonstar.nokiaevolveplus/com.by_syk.lib.nanoiconpack.MainActivity" image="nokia_evolve+_alpha" />

	<!-- NoShadowIconPack -->
	<AppIcon name="com.tseng.iconpack.design/com.by_syk.lib.nanoiconpack.MainActivity" image="noshadowiconpack" />

	<!-- Oblatum IconPack -->
	<AppIcon name="com.oblatum.iconpack/com.by_syk.lib.nanoiconpack.MainActivity" image="oblatum_iconpack" />

	<!-- OMFG Icon Pack -->
	<AppIcon name="com.sftmi.iconpack.omfg/com.by_syk.nanoiconpack.sample.MainActivity" image="omfg_icon_pack" />

	<!-- OS X -->
	<AppIcon name="emui.en.com.OS11beta/emui.en.com.OS11beta.MainActivity" image="os_x" />

	<!-- Party Star -->
	<AppIcon name="com.paidax.iconpack.partystar/com.by_syk.lib.nanoiconpack.MainActivity" image="party_star" />

	<!-- PDCIconPack -->
	<AppIcon name="com.pandecheng.iconpack/com.by_syk.nanoiconpack.sample.MainActivity" image="pdciconpack" />

	<!-- Pelmix Icon Pack -->
	<AppIcon name="com.edward.iconpack.pelmix/com.by_syk.lib.nanoiconpack.MainActivity" image="pelmix_icon_pack" />

	<!-- Pitaya IconPack -->
	<AppIcon name="com.pitaya.iconpack/com.afollestad.polar.ui.SplashScreen" image="pitaya_iconpack" />

	<!-- pixiv -->
	<AppIcon name="jp.pxv.android/jp.pxv.android.activity.RoutingActivity" image="pixiv" />

	<!-- Pixseed -->
	<AppIcon name="com.pixseed.iconpack/com.pixlor.iconpack.LiteIconActivityV3" image="pixseed" />

	<!-- Polycon -->
	<AppIcon name="com.thearclabs.polycon/com.afollestad.polar.ui.MainActivity" image="polycon" />

	<!-- Pure AOSP EMUI 4.X -->
	<AppIcon name="h7.hamzio7.pureaospemui4x/h7.hamzio7.pureaospemui4x.MainActivity" image="pure_aosp_emui_4.x" />

	<!-- Pure AOSP Theme -->
	<AppIcon name="h7.hamzio7.aosp.ps/h7.hamzio7.aosp.ps.MainActivity" image="pure_aosp_theme" />

	<!-- Pure IconPack Lite -->
	<AppIcon name="me.morirain.dev.iconpack.pure.lite/com.by_syk.nanoiconpack.lite.LiteIconActivity" image="pure_iconpack_lite" />

	<!-- Retrome Wallpapers -->
	<AppIcon name="com.daviidh.wallpaper.retrome/com.daviidh.wallpaper.retrome.activities.SplashActivity" image="retrome_wallpapers" />

	<!-- Rondo -->
	<AppIcon name="com.benx9.cactus/com.benx9.cactus.activities.SplashActivity" image="rondo" />

	<!-- Rufus -->
	<AppIcon name="com.benx9.poppy/com.benx9.poppy.LicenseActivity" image="rufus" />

	<!-- S8 Dark EMUI 5 Theme -->
	<AppIcon name="emui.en.com.s8darkemui5theme/emui.en.com.s8darkemui5theme.MainActivity" image="s8_dark_emui_5_theme" />

	<!-- Simpax -->
	<AppIcon name="com.sikebo.simpax.icons/com.sikebo.simpax.minimalSimplicityIcons.activities.SplashActivity" image="simpax" />

	<!-- SmaliteIconPack -->
	<AppIcon name="com.sjk.smaliteiconpack/com.by_syk.lib.nanoiconpack.MainActivity" image="smaliteiconpack" />

	<!-- Smartisan Iconpack -->
	<AppIcon name="com.sm.iconpack/com.pixlor.iconpack.LiteIconActivityV3" image="smartisan_iconpack" />

	<!-- SunmIconPack -->
	<AppIcon name="com.by_zen.sunmiconpack/com.by_syk.lib.nanoiconpack.MainActivity" image="sunmiconpack" />

	<!-- Tapet -->
	<AppIcon name="com.sharpregion.tapet/com.sharpregion.tapet.MainActivity" image="tapet" />

	<!-- Tersus -->
	<AppIcon name="kov.theme.tersus2/core.app.LauncherIconActivity" image="tersus" />

	<!-- Voxel -->
	<AppIcon name="com.benx9.palmtree/com.benx9.palmtree.activities.SplashActivity" image="voxel" />

	<!-- Wallbase -->
	<AppIcon name="com.citc.wallbase/com.citc.wallbase.activities.Start" image="wallbase" />

	<!-- Walloid -->
	<AppIcon name="com.hashcode.walloid/com.hashcode.walloid.chirag.SplashActivity" image="walloid" />

	<!-- Wechat Black Mod -->
	<AppIcon name="com.qinghuan.wechat.black/substratum.theme.template.SplashActivity" image="wechat_black_mod" />

	<!-- White_King -->
	<AppIcon name="emui.en.com.white1/emui.en.com.white1.MainActivity" image="white_king" />

	<!-- Witness -->
	<AppIcon name="com.ken.nanoiconpack.witness/com.by_syk.lib.nanoiconpack.MainActivity" image="witness" />

	<!-- X-Flat图标包 -->
	<AppIcon name="com.wokee.xflat/com.by_syk.lib.nanoiconpack.MainActivity" image="x-flat图标包" />

	<!-- Xperia™ Motion Snap -->
	<AppIcon name="com.sonymobile.motionsnap/com.sonymobile.motionsnap.LauncherActivity" image="xperia™_motion_snap" />

</Theme>